Id,RevDate,RUNKEY,RK,SRK,SLength,Length,FOTF,CAR1,CAR2,CAR3,CAR4,CAR5,CAR6,CAR7,CAR8,CAR9,CAR10
1,13NOV2022,21/ 0:28:42-303,393,22962-88284-303-14,10,10,1,3162,4011,4071,4188,3036,3150,4038,4144,4206,3038
2,13NOV2022,21/ 8: 5:18-303,421,22962-29832-303-1,10,10,1,3162,4011,4071,4188,3036,3150,4038,4144,4206,3038
3,13NOV2022,21/ 9:49:11-303,468,22962-35844-303-2,10,10,1,3162,4011,4071,4188,3036,3150,4038,4144,4206,3038
4,13NOV2022,21/11: 8:16-303,71,22962-40632-303-1,10,10,1,3162,4011,4071,4188,3036,3150,4038,4144,4206,3038
5,13NOV2022,21/12:43:33-303,115,22962-46644-303-2,10,10,1,3162,4011,4071,4188,3036,3150,4038,4144,4206,3038
6,13NOV2022,21/14: 9:12-303,155,22962-51432-303-1,10,10,1,3162,4011,4071,4188,3036,3150,4038,4144,4206,3038
7,13NOV2022,21/15:48: 4-303,199,22962-57444-303-2,10,10,1,3162,4011,4071,4188,3036,3150,4038,4144,4206,3038
8,13NOV2022,21/17:16:57-303,239,22962-62232-303-1,10,10,1,3162,4011,4071,4188,3036,3150,4038,4144,4206,3038
9,13NOV2022,21/18:46:57-303,284,22962-68244-303-2,10,10,1,3162,4011,4071,4188,3036,3150,4038,4144,4206,3038
10,13NOV2022,21/20:10: 2-303,312,22962-73008-303-1,10,10,1,3162,4011,4071,4188,3036,3150,4038,4144,4206,3038
11,13NOV2022,21/21:30:22-303,337,22962-77424-303-14,10,10,1,3162,4011,4071,4188,3036,3150,4038,4144,4206,3038
12,13NOV2022,21/21:37:58-303,344,22962-78762-303-13,10,10,1,3162,4011,4071,4188,3036,3150,4038,4144,4206,3038
13,13NOV2022,21/21:56:25-303,346,22962-79194-303-2,10,10,1,3162,4011,4071,4188,3036,3150,4038,4144,4206,3038
14,13NOV2022,21/23:11:17-303,372,22962-83868-303-1,10,10,1,3162,4011,4071,4188,3036,3150,4038,4144,4206,3038
15,13NOV2022,22962-30762-405-7,431,22962-30762-405-7,10,,,,,,,,,,,,
16,13NOV2022,22962-32634-401-14,445,22962-32634-401-14,10,,,,,,,,,,,,
17,13NOV2022,22962-35046-405-13,463,22962-35046-405-13,10,,,,,,,,,,,,
18,13NOV2022,22962-42006-413-8,80,22962-42006-413-8,10,,,,,,,,,,,,
19,13NOV2022,22962-62232-303-1,240,22962-62232-303-1,10,,,,,,,,,,,,
20,13NOV2022,22962-65754-209-3,267,22962-65754-209-3,8,,,,,,,,,,,,
21,13NOV2022,22962-71382-209-4,304,22962-71382-209-4,8,,,,,,,,,,,,
22,13NOV2022,22962-82242-209-4,363,22962-82242-209-4,8,,,,,,,,,,,,
23,13NOV2022,22962-88302-307-1,395,22962-88302-307-1,10,,,,,,,,,,,,
24,13NOV2022,239/ 7:42:20-321,3,239/ 7:42:20-321,,10,,,,,,,,,,,
25,13NOV2022,239/ 7:58:43-321,412,22962-28842-321-1,10,10,,,,,,,,,,,
26,13NOV2022,239/ 8:12:56-321,4,239/ 8:12:56-321,,10,,,,,,,,,,,
27,13NOV2022,239/ 8:29:34-321,426,22962-30642-321-1,10,10,,,,,,,,,,,
28,13NOV2022,290/ 7: 3:28-501,400,22962-25656-501-11,10,9,1,3134,4105,4047,3027,3092,4102,4123,4164,3099,
29,13NOV2022,290/ 8:14:26-501,419,22962-29670-501-12,10,9,1,3134,4105,4047,3027,3092,4102,4123,4164,3099,
30,13NOV2022,290/ 9:33:19-501,460,22962-34656-501-11,10,9,1,3134,4105,4047,3027,3092,4102,4123,4164,3099,
31,13NOV2022,291/ 7:13: 7-507,401,22962-26070-507-12,10,10,0,328,1521,1886,1854,1692,1762,1605,1652,1732,379
32,13NOV2022,291/ 8:20:44-507,432,22962-31056-507-11,10,10,0,328,1521,1886,1854,1692,1762,1605,1652,1732,379
33,13NOV2022,291/ 9:44:27-507,464,22962-35070-507-12,10,10,0,328,1521,1886,1854,1692,1762,1605,1652,1732,379
34,13NOV2022,291/10:50:50-507,65,22962-40056-507-11,10,10,0,328,1521,1886,1854,1692,1762,1605,1652,1732,379
35,13NOV2022,291/12:14: 8-507,97,22962-44070-507-12,10,10,0,328,1521,1886,1854,1692,1762,1605,1652,1732,379
36,13NOV2022,291/13:33:58-507,135,22962-49056-507-11,10,10,0,328,1521,1886,1854,1692,1762,1605,1652,1732,379
37,13NOV2022,291/14:43:18-507,167,22962-53070-507-12,10,10,0,328,1521,1886,1854,1692,1762,1605,1652,1732,379
38,13NOV2022,291/15:50:30-507,205,22962-58056-507-11,10,10,0,328,1521,1886,1854,1692,1762,1605,1652,1732,379
39,13NOV2022,291/17:14:20-507,237,22962-62070-507-12,10,10,0,328,1521,1886,1854,1692,1762,1605,1652,1732,379
40,13NOV2022,291/18:19:31-507,276,22962-67056-507-11,10,10,0,328,1521,1886,1854,1692,1762,1605,1652,1732,379
41,13NOV2022,291/19:47:15-507,305,22962-71490-507-12,10,10,0,328,1521,1886,1854,1692,1762,1605,1652,1732,379
42,13NOV2022,291/21: 6: 8-507,335,22962-77016-507-11,10,10,0,328,1521,1886,1854,1692,1762,1605,1652,1732,379
43,13NOV2022,291/22:30: 8-507,357,22962-81012-507-12,10,10,0,328,1521,1886,1854,1692,1762,1605,1652,1732,379
44,13NOV2022,293/ 7:32:38-203,407,22962-27954-203-3,8,8,1,3151,4106,4192,4110,3060,3112,4103,3052,,
45,13NOV2022,294/ 1: 3:46-305,397,22962-90084-305-14,10,10,0,1239,1669,1662,1735,349,322,1840,1671,1695,314
46,13NOV2022,294/ 7:18:50-305,1,294/ 7:18:50-305,,10,0,1239,1669,1662,1735,349,322,1840,1671,1695,314
47,13NOV2022,294/ 7:22:38-305,402,22962-26844-305-2,10,10,0,1239,1669,1662,1735,349,322,1840,1671,1695,314
48,13NOV2022,294/ 8:42:21-305,438,22962-31632-305-1,10,10,0,1239,1669,1662,1735,349,322,1840,1671,1695,314
49,13NOV2022,294/10:13:58-305,45,22962-37644-305-2,10,10,0,1239,1669,1662,1735,349,322,1840,1671,1695,314
50,13NOV2022,294/11:40:10-305,85,22962-42432-305-1,10,10,0,1239,1669,1662,1735,349,322,1840,1671,1695,314
51,13NOV2022,294/13:18:25-305,129,22962-48444-305-2,10,10,0,1239,1669,1662,1735,349,322,1840,1671,1695,314
52,13NOV2022,294/14:45:32-305,169,22962-53232-305-1,10,10,0,1239,1669,1662,1735,349,322,1840,1671,1695,314
53,13NOV2022,294/16:17:43-305,213,22962-59244-305-2,10,10,0,1239,1669,1662,1735,349,322,1840,1671,1695,314
54,13NOV2022,294/17:41:15-305,254,22962-64032-305-1,10,10,0,1239,1669,1662,1735,349,322,1840,1671,1695,314
55,13NOV2022,294/19:13:51-305,296,22962-70044-305-2,10,10,0,1239,1669,1662,1735,349,322,1840,1671,1695,314
56,13NOV2022,294/20:41:35-305,321,22962-74808-305-1,10,10,0,1239,1669,1662,1735,349,322,1840,1671,1695,314
57,13NOV2022,294/21:58:46-305,348,22962-79224-305-14,10,10,0,1239,1669,1662,1735,349,322,1840,1671,1695,314
58,13NOV2022,294/22:10:53-305,354,22962-80562-305-13,10,10,0,1239,1669,1662,1735,349,322,1840,1671,1695,314
59,13NOV2022,294/22:28: 2-305,356,22962-80994-305-2,10,10,0,1239,1669,1662,1735,349,322,1840,1671,1695,314
60,13NOV2022,294/23:39:31-305,381,22962-85668-305-1,10,10,0,1239,1669,1662,1735,349,322,1840,1671,1695,314
61,13NOV2022,295/ 8:39:54-311,6,295/ 8:39:54-311,,10,1,3017,4032,4152,4134,4132,4157,4256,4214,4139,3163
62,13NOV2022,295/ 8:50:34-311,440,22962-32244-311-2,10,10,1,3017,4032,4152,4134,4132,4157,4256,4214,4139,3163
63,13NOV2022,295/10: 8:39-311,43,22962-37032-311-1,10,10,1,3017,4032,4152,4134,4132,4157,4256,4214,4139,3163
64,13NOV2022,295/11:47:17-311,87,22962-43044-311-2,10,10,1,3017,4032,4152,4134,4132,4157,4256,4214,4139,3163
65,13NOV2022,295/13: 9:24-311,127,22962-47832-311-1,10,10,1,3017,4032,4152,4134,4132,4157,4256,4214,4139,3163
66,13NOV2022,295/14:43:29-311,171,22962-53844-311-2,10,10,1,3017,4032,4152,4134,4132,4157,4256,4214,4139,3163
67,13NOV2022,295/16: 7:55-311,211,22962-58632-311-1,10,10,1,3017,4032,4152,4134,4132,4157,4256,4214,4139,3163
68,13NOV2022,295/17:43:50-311,256,22962-64644-311-2,10,10,1,3017,4032,4152,4134,4132,4157,4256,4214,4139,3163
69,13NOV2022,295/19:12: 3-311,292,22962-69432-311-1,10,10,1,3017,4032,4152,4134,4132,4157,4256,4214,4139,3163
70,13NOV2022,295/20:29:21-311,319,22962-73896-311-14,10,10,1,3017,4032,4152,4134,4132,4157,4256,4214,4139,3163
71,13NOV2022,295/20:38:20-311,324,22962-75162-311-13,10,10,1,3017,4032,4152,4134,4132,4157,4256,4214,4139,3163
72,13NOV2022,295/20:59:37-311,326,22962-75594-311-2,10,10,1,3017,4032,4152,4134,4132,4157,4256,4214,4139,3163
73,13NOV2022,295/22:14:27-311,352,22962-80268-311-1,10,10,1,3017,4032,4152,4134,4132,4157,4256,4214,4139,3163
74,13NOV2022,295/23:31:26-311,379,22962-84684-311-14,10,10,1,3017,4032,4152,4134,4132,4157,4256,4214,4139,3163
75,13NOV2022,296/ 7:22:59-503,404,22962-27456-503-11,10,9,0,365,1700,1535,1588,1884,1564,1620,1909,359,
76,13NOV2022,296/ 8:41:21-503,436,22962-31470-503-12,10,9,0,365,1700,1535,1588,1884,1564,1620,1909,359,
77,13NOV2022,296/ 9:55:12-503,37,22962-36456-503-11,10,9,0,365,1700,1535,1588,1884,1564,1620,1909,359,
78,13NOV2022,296/11:14:21-503,69,22962-40470-503-12,10,9,0,365,1700,1535,1588,1884,1564,1620,1909,359,
79,13NOV2022,296/12:24:33-503,107,22962-45456-503-11,10,9,0,365,1700,1535,1588,1884,1564,1620,1909,359,
80,13NOV2022,296/13:43:31-503,139,22962-49470-503-12,10,9,0,365,1700,1535,1588,1884,1564,1620,1909,359,
81,13NOV2022,296/15: 7:54-503,177,22962-54456-503-11,10,9,0,365,1700,1535,1588,1884,1564,1620,1909,359,
82,13NOV2022,296/16:14:27-503,209,22962-58470-503-12,10,9,0,365,1700,1535,1588,1884,1564,1620,1909,359,
83,13NOV2022,296/17:21:60-503,248,22962-63456-503-11,10,9,0,365,1700,1535,1588,1884,1564,1620,1909,359,
84,13NOV2022,296/18:43:49-503,280,22962-67470-503-12,10,9,0,365,1700,1535,1588,1884,1564,1620,1909,359,
85,13NOV2022,299/ 7:27:57-401,403,22962-27162-401-7,10,10,0,1226,1660,1902,1525,1645,1851,1611,1506,1746,1232
86,13NOV2022,299/ 8:43:40-401,435,22962-31446-401-13,10,10,0,1226,1660,1902,1525,1645,1851,1611,1506,1746,1232
87,13NOV2022,299/ 9: 8: 2-401,447,22962-33006-401-8,10,10,0,1226,1660,1902,1525,1645,1851,1611,1506,1746,1232
88,13NOV2022,300/ 7:33:19-101,2,300/ 7:33:19-101,,10,1,3123,4024,4014,4019,3140,4255,4169,4254,4219,3001
89,13NOV2022,300/ 7:52:38-101,413,22962-28920-101-5,10,10,1,3123,4024,4014,4019,3140,4255,4169,4254,4219,3001
90,13NOV2022,300/ 9:26:33-101,456,22962-34320-101-6,10,10,1,3123,4024,4014,4019,3140,4255,4169,4254,4219,3001
91,13NOV2022,300/10:56:21-101,61,22962-39720-101-5,10,10,1,3123,4024,4014,4019,3140,4255,4169,4254,4219,3001
92,13NOV2022,300/12:25:17-101,103,22962-45120-101-6,10,10,1,3123,4024,4014,4019,3140,4255,4169,4254,4219,3001
93,13NOV2022,300/14: 0:37-101,145,22962-50520-101-5,10,10,1,3123,4024,4014,4019,3140,4255,4169,4254,4219,3001
94,13NOV2022,300/15:29: 4-101,188,22962-55920-101-6,10,10,1,3123,4024,4014,4019,3140,4255,4169,4254,4219,3001
95,13NOV2022,300/16:58:29-101,229,22962-61320-101-5,10,10,1,3123,4024,4014,4019,3140,4255,4169,4254,4219,3001
96,13NOV2022,300/18:26: 3-101,272,22962-66720-101-6,10,10,1,3123,4024,4014,4019,3140,4255,4169,4254,4219,3001
97,13NOV2022,302/ 7:41: 2-509,406,22962-27870-509-12,10,9,0,449,1563,1861,1598,1507,1873,1834,1517,1220,
98,13NOV2022,302/ 8:56:22-509,446,22962-32856-509-11,10,9,0,449,1563,1861,1598,1507,1873,1834,1517,1220,
99,13NOV2022,302/10:13:50-509,41,22962-36870-509-12,10,9,0,449,1563,1861,1598,1507,1873,1834,1517,1220,
100,13NOV2022,302/11:20:12-509,79,22962-41856-509-11,10,9,0,449,1563,1861,1598,1507,1873,1834,1517,1220,
101,13NOV2022,302/12:44:27-509,111,22962-45870-509-12,10,9,0,449,1563,1861,1598,1507,1873,1834,1517,1220,
102,13NOV2022,302/14: 3:44-509,149,22962-50856-509-11,10,9,0,449,1563,1861,1598,1507,1873,1834,1517,1220,
103,13NOV2022,302/15:12:49-509,181,22962-54870-509-12,10,9,0,449,1563,1861,1598,1507,1873,1834,1517,1220,
104,13NOV2022,302/16:21:19-509,219,22962-59856-509-11,10,9,0,449,1563,1861,1598,1507,1873,1834,1517,1220,
105,13NOV2022,303/ 0:17:41-307,394,22962-88302-307-1,10,10,1,3156,4173,4170,4108,3129,3065,4151,4052,4036,3068
106,13NOV2022,303/ 1:20:51-307,29,303/ 1:20:51-307,,10,1,3156,4173,4170,4108,3129,3065,4151,4052,4036,3068
107,13NOV2022,303/ 7:39:15-307,410,22962-28236-307-13,10,10,1,3156,4173,4170,4108,3129,3065,4151,4052,4036,3068
108,13NOV2022,303/ 7:57: 3-307,411,22962-28644-307-2,10,10,1,3156,4173,4170,4108,3129,3065,4151,4052,4036,3068
109,13NOV2022,303/ 9: 7:29-307,452,22962-33432-307-1,10,10,1,3156,4173,4170,4108,3129,3065,4151,4052,4036,3068
110,13NOV2022,303/10:51:17-307,59,22962-39444-307-2,10,10,1,3156,4173,4170,4108,3129,3065,4151,4052,4036,3068
111,13NOV2022,303/12:13:51-307,99,22962-44232-307-1,10,10,1,3156,4173,4170,4108,3129,3065,4151,4052,4036,3068
112,13NOV2022,303/13:43:40-307,143,22962-50244-307-2,10,10,1,3156,4173,4170,4108,3129,3065,4151,4052,4036,3068
113,13NOV2022,303/15:12:32-307,183,22962-55032-307-1,10,10,1,3156,4173,4170,4108,3129,3065,4151,4052,4036,3068
114,13NOV2022,303/16:42:34-307,227,22962-61044-307-2,10,10,1,3156,4173,4170,4108,3129,3065,4151,4052,4036,3068
115,13NOV2022,303/18: 9:24-307,268,22962-65832-307-1,10,10,1,3156,4173,4170,4108,3129,3065,4151,4052,4036,3068
116,13NOV2022,303/19:44:39-307,308,22962-71994-307-2,10,10,1,3156,4173,4170,4108,3129,3065,4151,4052,4036,3068
117,13NOV2022,303/21:17:32-307,332,22962-76668-307-1,10,10,1,3156,4173,4170,4108,3129,3065,4151,4052,4036,3068
118,13NOV2022,303/22:31:48-307,359,22962-81084-307-14,10,10,1,3156,4173,4170,4108,3129,3065,4151,4052,4036,3068
119,13NOV2022,303/22:41:16-307,364,22962-82362-307-13,10,10,1,3156,4173,4170,4108,3129,3065,4151,4052,4036,3068
120,13NOV2022,303/22:59:24-307,366,22962-82794-307-2,10,10,1,3156,4173,4170,4108,3129,3065,4151,4052,4036,3068
121,13NOV2022,304/ 7:45:34-201,405,22962-27840-201-3,8,8,0,1231,1883,1710,1716,1688,1715,1722,1260,,
122,13NOV2022,306/ 0: 2: 3-301,388,22962-86484-301-14,10,10,1,3051,4030,4186,4129,3031,3115,4171,4029,4053,3124
123,13NOV2022,306/ 9:13: 8-301,454,22962-34044-301-2,10,10,1,3051,4030,4186,4129,3031,3115,4171,4029,4053,3124
124,13NOV2022,306/10:40:17-301,57,22962-38832-301-1,10,10,1,3051,4030,4186,4129,3031,3115,4171,4029,4053,3124
125,13NOV2022,306/12:14:12-301,101,22962-44844-301-2,10,10,1,3051,4030,4186,4129,3031,3115,4171,4029,4053,3124
126,13NOV2022,306/13:39:53-301,141,22962-49632-301-1,10,10,1,3051,4030,4186,4129,3031,3115,4171,4029,4053,3124
127,13NOV2022,306/15:13: 1-301,185,22962-55644-301-2,10,10,1,3051,4030,4186,4129,3031,3115,4171,4029,4053,3124
128,13NOV2022,306/16:40: 4-301,225,22962-60432-301-1,10,10,1,3051,4030,4186,4129,3031,3115,4171,4029,4053,3124
129,13NOV2022,306/18:16: 3-301,270,22962-66444-301-2,10,10,1,3051,4030,4186,4129,3031,3115,4171,4029,4053,3124
130,13NOV2022,306/19:38:24-301,303,22962-71280-301-1,10,10,1,3051,4030,4186,4129,3031,3115,4171,4029,4053,3124
131,13NOV2022,306/21: 2:30-301,329,22962-75696-301-14,10,10,1,3051,4030,4186,4129,3031,3115,4171,4029,4053,3124
132,13NOV2022,306/21: 7:46-301,334,22962-76962-301-13,10,10,1,3051,4030,4186,4129,3031,3115,4171,4029,4053,3124
133,13NOV2022,306/21:29:36-301,336,22962-77394-301-2,10,10,1,3051,4030,4186,4129,3031,3115,4171,4029,4053,3124
134,13NOV2022,306/22:39:27-301,362,22962-82068-301-1,10,10,1,3051,4030,4186,4129,3031,3115,4171,4029,4053,3124
135,13NOV2022,306\ 7:37: 5-301,408,22962-28026-301-1,10,10,1,3051,4030,4186,4129,3031,3115,4171,4029,4053,3124
136,13NOV2022,307/ 7:47: 8-209,409,22962-28164-209-4,8,8,0,376,1906,1858,1682,1829,1539,1586,1245,,
137,13NOV2022,307/ 9:12:31-209,451,22962-33354-209-3,8,8,0,376,1906,1858,1682,1829,1539,1586,1245,,
138,13NOV2022,309/ 7:54:53-505,417,22962-29256-505-11,10,9,1,3063,4064,4213,4189,3045,3083,4120,4162,3103,
139,13NOV2022,309/ 9:12:59-505,450,22962-33270-505-12,10,9,1,3063,4064,4213,4189,3045,3083,4120,4162,3103,
140,13NOV2022,309/10:21:42-505,51,22962-38256-505-11,10,9,1,3063,4064,4213,4189,3045,3083,4120,4162,3103,
141,13NOV2022,309/11:44:39-505,83,22962-42270-505-12,10,9,1,3063,4064,4213,4189,3045,3083,4120,4162,3103,
142,13NOV2022,309/12:56:55-505,121,22962-47256-505-11,10,9,1,3063,4064,4213,4189,3045,3083,4120,4162,3103,
143,13NOV2022,310/ 8: 0:47-107,414,22962-28920-107-6,10,10,0,1230,1583,1597,1817,1567,1888,1562,1584,1881,405
144,13NOV2022,310/ 9:26:51-108,9,310/ 9:26:51-108,,10,0,1230,1583,1597,1817,1567,1888,1562,1584,1881,405
145,13NOV2022,311/ 8: 4:30-103,416,22962-28992-103-6,10,10,0,1234,1518,1644,1707,1543,1744,1603,1904,1555,339
146,13NOV2022,311/ 8:28:20-103,428,22962-30720-103-5,10,10,0,1234,1518,1644,1707,1543,1744,1603,1904,1555,339
147,13NOV2022,311/ 9:54:28-103,34,22962-36120-103-6,10,10,0,1234,1518,1644,1707,1543,1744,1603,1904,1555,339
148,13NOV2022,311/11:27:16-103,75,22962-41520-103-5,10,10,0,1234,1518,1644,1707,1543,1744,1603,1904,1555,339
149,13NOV2022,311/12:55:54-103,117,22962-46920-103-6,10,10,0,1234,1518,1644,1707,1543,1744,1603,1904,1555,339
150,13NOV2022,311/14:31:57-103,160,22962-52320-103-5,10,10,0,1234,1518,1644,1707,1543,1744,1603,1904,1555,339
151,13NOV2022,311/15:59: 3-103,202,22962-57720-103-6,10,10,0,1234,1518,1644,1707,1543,1744,1603,1904,1555,339
152,13NOV2022,311/17:28:52-103,245,22962-63120-103-5,10,10,0,1234,1518,1644,1707,1543,1744,1603,1904,1555,339
153,13NOV2022,312/ 8: 2: 9-403,415,22962-28962-403-7,10,10,1,3080,4183,4020,3012,3085,4122,4048,4060,4114,3097
154,13NOV2022,312/ 9:13:11-403,449,22962-33246-403-13,10,10,1,3080,4183,4020,3012,3085,4122,4048,4060,4114,3097
155,13NOV2022,312/ 9:20:40-403,459,22962-34434-403-14,10,10,,,,,,,,,,,
156,13NOV2022,312/ 9:39:45-403,461,22962-34806-403-8,10,10,1,3080,4183,4020,3012,3085,4122,4048,4060,4114,3097
157,13NOV2022,314/ 8: 1:43-411,418,22962-29406-411-8,10,9,0,1270,1522,1593,1891,1621,1643,1675,1560,1164,
158,13NOV2022,315/ 8: 1:58-205,420,22962-29754-205-3,8,8,0,1210,1804,1580,1718,1565,1811,1595,1206,,
159,13NOV2022,318/ 8:14:51-309,424,22962-30036-309-13,10,10,0,1203,1519,1594,1850,1663,1765,1866,1653,1649,1228
160,13NOV2022,318/ 8:25: 1-309,425,22962-30444-309-2,10,10,0,1203,1519,1594,1850,1663,1765,1866,1653,1649,1228
161,13NOV2022,318/ 9:39:56-309,466,22962-35232-309-1,10,10,0,1203,1519,1594,1850,1663,1765,1866,1653,1649,1228
162,13NOV2022,318/11:14:25-309,73,22962-41244-309-2,10,10,0,1203,1519,1594,1850,1663,1765,1866,1653,1649,1228
163,13NOV2022,318/12:42:34-309,113,22962-46032-309-1,10,10,0,1203,1519,1594,1850,1663,1765,1866,1653,1649,1228
164,13NOV2022,318/14:15:56-309,157,22962-52044-309-2,10,10,0,1203,1519,1594,1850,1663,1765,1866,1653,1649,1228
165,13NOV2022,318/15:40: 9-309,197,22962-56832-309-1,10,10,0,1203,1519,1594,1850,1663,1765,1866,1653,1649,1228
166,13NOV2022,318/17:37:22-309,242,22962-62844-309-2,10,10,0,1203,1519,1594,1850,1663,1765,1866,1653,1649,1228
167,13NOV2022,318/18:55:27-309,282,22962-67722-309-1,10,10,0,1203,1519,1594,1850,1663,1765,1866,1653,1649,1228
168,13NOV2022,319/ 8:15:51-207,422,22962-29850-207-4,8,8,0,1269,1846,1801,1673,1818,1859,1862,414,,
169,13NOV2022,319/ 8:41:46-207,437,22962-31554-207-3,8,8,0,1269,1846,1801,1673,1818,1859,1862,414,,
170,13NOV2022,320/ 8:17:14-211,423,22962-29964-211-4,8,8,0,354,1577,1897,1604,1618,1814,1875,1261,,
171,13NOV2022,320/ 9:42:54-211,465,22962-35154-211-3,8,8,0,354,1577,1897,1604,1618,1814,1875,1261,,
172,13NOV2022,321/ 8:30:29-413,5,321/ 8:30:29-413,,10,,,,,,,,,,,
173,13NOV2022,321/ 8:34:20-413,433,22962-31206-413-8,10,10,1,3011,4015,4165,4112,3139,3043,4065,4224,4113,3061
174,13NOV2022,323/ 8:27:20-109,429,22962-30720-109-6,10,10,0,417,1606,1887,1714,1857,1504,1825,1523,1578,327
175,13NOV2022,323/ 9:54:56-109,33,22962-36120-109-5,10,10,0,417,1606,1887,1714,1857,1504,1825,1523,1578,327
176,13NOV2022,323/11:29:40-109,76,22962-41520-109-6,10,10,0,417,1606,1887,1714,1857,1504,1825,1523,1578,327
177,13NOV2022,323/12:57:19-109,118,22962-46920-109-5,10,10,0,417,1606,1887,1714,1857,1504,1825,1523,1578,327
178,13NOV2022,323/14:28:24-109,159,22962-52320-109-6,10,10,0,417,1606,1887,1714,1857,1504,1825,1523,1578,327
179,13NOV2022,323/15:59:18-109,201,22962-57720-109-5,10,10,0,417,1606,1887,1714,1857,1504,1825,1523,1578,327
180,13NOV2022,323/17:29:21-109,244,22962-63120-109-6,10,10,0,417,1606,1887,1714,1857,1504,1825,1523,1578,327
181,13NOV2022,323/18:57:31-109,20,323/18:57:31-109,,10,0,417,1606,1887,1714,1857,1504,1825,1523,1578,327
182,13NOV2022,325/ 8:31: 9-105,427,22962-30672-105-6,10,10,0,1219,1913,1610,1559,1802,1847,1724,1747,1842,1243
183,13NOV2022,325/ 8:54: 1-105,443,22962-32520-105-5,10,10,0,1219,1913,1610,1559,1802,1847,1724,1747,1842,1243
184,13NOV2022,325/10:31: 5-105,48,22962-37920-105-6,10,10,0,1219,1913,1610,1559,1802,1847,1724,1747,1842,1243
185,13NOV2022,325/11:56:25-105,90,22962-43320-105-5,10,10,0,1219,1913,1610,1559,1802,1847,1724,1747,1842,1243
186,13NOV2022,325/13:27:41-105,132,22962-48720-105-6,10,10,0,1219,1913,1610,1559,1802,1847,1724,1747,1842,1243
187,13NOV2022,325/14:59:14-105,173,22962-54120-105-5,10,10,0,1219,1913,1610,1559,1802,1847,1724,1747,1842,1243
188,13NOV2022,325/16:26: 2-105,216,22962-59520-105-6,10,10,0,1219,1913,1610,1559,1802,1847,1724,1747,1842,1243
189,13NOV2022,325/17:57:31-105,259,22962-64920-105-5,10,10,0,1219,1913,1610,1559,1802,1847,1724,1747,1842,1243
190,13NOV2022,326/ 8:29:57-323,434,22962-31260-323-2,10,10,1,3141,4177,4099,4221,3072,3042,4195,4008,4184,3020
191,13NOV2022,326/ 8:54: 7-323,441,22962-32442-323-1,10,10,1,3141,4177,4099,4221,3072,3042,4195,4008,4184,3020
192,13NOV2022,328/ 8:33:46-405,430,22962-30762-405-7,10,10,1,3114,4069,4127,4155,4041,3048,4075,4056,4061,3049
193,13NOV2022,328/ 9:12:36-950,8,328/ 9:12:36-950,,10,1,3114,4069,4127,4155,4041,3048,4075,4056,4061,3049
194,13NOV2022,332/ 8:44:37-201,439,22962-31764-201-4,8,8,0,1231,1883,1710,1716,1688,1715,1722,1260,,
195,13NOV2022,332/10:13:42-201,42,22962-36954-201-3,8,8,0,1231,1883,1710,1716,1688,1715,1722,1260,,
196,13NOV2022,333/ 8:50:16-107,7,333/ 8:50:16-107,,10,0,1236,1579,1538,1743,1698,1600,1616,1828,1582,1235
197,13NOV2022,333/ 9:20:52-107,457,22962-34320-107-5,10,10,0,1236,1579,1538,1743,1698,1600,1616,1828,1582,1235
198,13NOV2022,333/10:57:50-107,62,22962-39720-107-6,10,10,0,1236,1579,1538,1743,1698,1600,1616,1828,1582,1235
199,13NOV2022,333/12:26: 6-107,104,22962-45120-107-5,10,10,0,1236,1579,1538,1743,1698,1600,1616,1828,1582,1235
200,13NOV2022,333/13:59:31-107,146,22962-50520-107-6,10,10,0,1236,1579,1538,1743,1698,1600,1616,1828,1582,1235
201,13NOV2022,333/15:31:56-107,187,22962-55920-107-5,10,10,0,1236,1579,1538,1743,1698,1600,1616,1828,1582,1235
202,13NOV2022,333/17: 0: 4-107,230,22962-61320-107-6,10,10,0,1236,1579,1538,1743,1698,1600,1616,1828,1582,1235
203,13NOV2022,333/18:26:55-107,273,22962-66720-107-5,10,10,0,1236,1579,1538,1743,1698,1600,1616,1828,1582,1235
204,13NOV2022,334/ 8:57:58-111,442,22962-32520-111-6,10,9,1,3159,4125,4051,4046,4215,4057,4037,4185,3149,
205,13NOV2022,334/10:31:56-111,47,22962-37920-111-5,10,9,1,3159,4125,4051,4046,4215,4057,4037,4185,3149,
206,13NOV2022,334/11:55: 9-111,89,22962-43320-111-6,10,9,1,3159,4125,4051,4046,4215,4057,4037,4185,3149,
207,13NOV2022,334/13:25:47-112,16,334/13:25:47-112,,9,1,3159,4125,4051,4046,4215,4057,4037,4185,3149,
208,13NOV2022,337/ 9: 0:33-407,444,22962-32562-407-7,10,10,0,1212,1705,1642,1827,1575,1845,1639,1602,1554,350
209,13NOV2022,337/10:13:55-407,40,22962-36846-407-13,10,10,0,1212,1705,1642,1827,1575,1845,1639,1602,1554,350
210,13NOV2022,337/10:19:43-407,50,22962-38034-407-14,10,10,,,,,,,,,,,
211,13NOV2022,337/10:39: 6-407,52,22962-38406-407-8,10,10,0,1212,1705,1642,1827,1575,1845,1639,1602,1554,350
212,13NOV2022,340/ 9: 5:52-321,448,22962-33060-321-2,10,10,,,,,,,,,,,
213,13NOV2022,340/ 9:23:16-321,455,22962-34242-321-1,10,10,,,,,,,,,,,
214,13NOV2022,343/ 9:16:43-203,453,22962-33564-203-4,8,8,1,3151,4106,4192,4110,3060,3112,4103,3052,,
215,13NOV2022,343/10:45:51-203,56,22962-38754-203-3,8,8,1,3151,4106,4192,4110,3060,3112,4103,3052,,
216,13NOV2022,346/ 9:49:12-405,36,22962-36234-405-14,10,10,0,1254,1505,1533,1636,1767,1661,1619,1515,1655,1229
217,13NOV2022,346/10: 8:44-405,38,22962-36606-405-8,10,10,0,1254,1505,1533,1636,1767,1661,1619,1515,1655,1229
218,13NOV2022,354/ 9:29:58-411,458,22962-34362-411-7,10,10,0,1266,1694,1836,1601,1877,1561,1882,1843,1558,1238
219,13NOV2022,354/10:44:25-411,54,22962-38646-411-13,10,10,0,1266,1694,1836,1601,1877,1561,1882,1843,1558,1238
220,13NOV2022,354/10:51:18-411,64,22962-39834-411-14,10,10,,,,,,,,,,,
221,13NOV2022,354/11: 8:31-411,66,22962-40206-411-8,10,10,0,1266,1694,1836,1601,1877,1561,1882,1843,1558,1238
222,13NOV2022,357/ 9:36:11-323,462,22962-34860-323-2,10,10,,,,,,,,,,,
223,13NOV2022,357/ 9:52:49-323,32,22962-36042-323-1,10,10,,,,,,,,,,,
224,13NOV2022,361/ 9:48:56-205,467,22962-35364-205-4,8,10,0,1210,1804,1580,1718,1565,1811,1595,1206,,
225,13NOV2022,361/11:10:45-205,70,22962-40554-205-3,8,8,0,1210,1804,1580,1718,1565,1811,1595,1206,,
226,13NOV2022,364/ 9:59:41-321,39,22962-36660-321-2,10,10,,,,,,,,,,,
227,13NOV2022,364/10:23: 3-321,46,22962-37842-321-1,10,10,,,,,,,,,,,
228,13NOV2022,365/10: 0:31-413,35,22962-36162-413-7,10,10,1,3011,4015,4165,4112,3139,3043,4065,4224,4113,3061
229,13NOV2022,365/11:14: 8-413,68,22962-40446-413-13,10,10,1,3011,4015,4165,4112,3139,3043,4065,4224,4113,3061
232,13NOV2022,367/10:20: 6-207,44,22962-37164-207-4,8,8,0,1269,1846,1801,1673,1818,1859,1862,414,,
233,13NOV2022,367/11:42:13-207,84,22962-42354-207-3,8,8,0,1269,1846,1801,1673,1818,1859,1862,414,,
234,13NOV2022,371/10:28:50-401,49,22962-37962-401-7,10,10,0,1226,1660,1902,1525,1645,1851,1611,1506,1746,1232
235,13NOV2022,371/11:42:55-401,82,22962-42246-401-13,10,10,0,1226,1660,1902,1525,1645,1851,1611,1506,1746,1232
236,13NOV2022,371/11:50:35-401,92,22962-43434-401-14,10,10,,,,,,,,,,,
237,13NOV2022,371/12: 8:28-401,94,22962-43806-401-8,10,10,0,1226,1660,1902,1525,1645,1851,1611,1506,1746,1232
238,13NOV2022,372/10:33:45-501,55,22962-38670-501-12,10,10,0,333,1526,1566,1590,1635,1748,1865,1638,1758,316
239,13NOV2022,372/11:54: 1-501,93,22962-43656-501-11,10,10,0,333,1526,1566,1590,1635,1748,1865,1638,1758,316
240,13NOV2022,372/13:14:26-501,125,22962-47670-501-12,10,10,0,333,1526,1566,1590,1635,1748,1865,1638,1758,316
241,13NOV2022,372/14:32:23-501,163,22962-52656-501-11,10,10,0,333,1526,1566,1590,1635,1748,1865,1638,1758,316
242,13NOV2022,372/15:44:26-501,195,22962-56670-501-12,10,10,0,333,1526,1566,1590,1635,1748,1865,1638,1758,316
243,13NOV2022,372/16:58:27-501,233,22962-61656-501-11,10,10,0,333,1526,1566,1590,1635,1748,1865,1638,1758,316
244,13NOV2022,372/18:11:46-501,266,22962-65670-501-12,10,10,0,333,1526,1566,1590,1635,1748,1865,1638,1758,316
245,13NOV2022,372/19:26: 6-501,306,22962-71616-501-11,10,10,0,333,1526,1566,1590,1635,1748,1865,1638,1758,316
246,13NOV2022,372/21: 0:27-501,327,22962-75630-501-12,10,10,0,333,1526,1566,1590,1635,1748,1865,1638,1758,316
247,13NOV2022,372/22: 4:43-501,355,22962-80616-501-11,10,10,0,333,1526,1566,1590,1635,1748,1865,1638,1758,316
248,13NOV2022,372/23:27:36-501,377,22962-84612-501-12,10,10,0,333,1526,1566,1590,1635,1748,1865,1638,1758,316
249,13NOV2022,373/10:33:36-323,53,22962-38460-323-2,10,10,,,,,,,,,,,
250,13NOV2022,373/10:52:46-323,60,22962-39642-323-1,10,10,,,,,,,,,,,
251,13NOV2022,376/10:50:23-209,58,22962-38964-209-4,8,8,0,376,1906,1858,1682,1829,1539,1586,1245,,
252,13NOV2022,376/12:12:27-209,98,22962-44154-209-3,8,8,0,376,1906,1858,1682,1829,1539,1586,1245,,
253,13NOV2022,378/10:59:12-403,63,22962-39762-403-7,10,10,1,3080,4183,4020,3012,3085,4122,4048,4060,4114,3097
254,13NOV2022,378/12:14: 7-403,96,22962-44046-403-13,10,10,1,3080,4183,4020,3012,3085,4122,4048,4060,4114,3097
255,13NOV2022,378/12:19: 4-403,106,22962-45234-403-14,10,10,,,,,,,,,,,
256,13NOV2022,378/12:38:55-403,108,22962-45606-403-8,10,10,1,3080,4183,4020,3012,3085,4122,4048,4060,4114,3097
257,13NOV2022,379/11: 5:42-321,67,22962-40260-321-2,10,10,1,3029,4058,4175,4118,3095,3153,4016,4257,4259,3035
258,13NOV2022,379/11:22:54-321,74,22962-41442-321-1,10,10,1,3029,4058,4175,4118,3095,3153,4016,4257,4259,3035
259,13NOV2022,380/11:15:30-211,72,22962-40764-211-4,8,8,0,354,1577,1897,1604,1618,1814,1875,1261,,
260,13NOV2022,380/12:52:47-611,15,380/12:52:47-611,,8,0,354,1577,1897,1604,1618,1814,1875,1261,,
261,13NOV2022,382/11:29:27-405,77,22962-41562-405-7,10,10,0,1254,1505,1533,1636,1767,1661,1619,1515,1655,1229
262,13NOV2022,382/12:44: 7-405,110,22962-45846-405-13,10,10,0,1254,1505,1533,1636,1767,1661,1619,1515,1655,1229
263,13NOV2022,382/12:50: 9-405,120,22962-47034-405-14,10,10,,,,,,,,,,,
264,13NOV2022,382/13: 9:45-405,122,22962-47406-405-8,10,10,0,1254,1505,1533,1636,1767,1661,1619,1515,1655,1229
265,13NOV2022,383/11:34:39-323,81,22962-42060-323-2,10,10,,,,,,,,,,,
266,13NOV2022,383/11:52:46-323,88,22962-43242-323-1,10,10,,,,,,,,,,,
267,13NOV2022,383/12:36:37-323,109,22962-45660-323-2,10,10,,,,,,,,,,,
268,13NOV2022,383/12:52:45-323,116,22962-46842-323-1,10,10,,,,,,,,,,,
269,13NOV2022,383/13:35: 4-323,137,22962-49260-323-2,10,10,,,,,,,,,,,
270,13NOV2022,383/13:52:29-323,144,22962-50442-323-1,10,10,,,,,,,,,,,
271,13NOV2022,383/14:35: 9-323,165,22962-52860-323-2,10,10,1,3141,4177,4099,4221,3072,3042,4195,4008,4184,3020
272,13NOV2022,383/14:53: 9-323,172,22962-54042-323-1,10,10,1,3141,4177,4099,4221,3072,3042,4195,4008,4184,3020
273,13NOV2022,383/15:34:59-323,193,22962-56460-323-2,10,10,1,3020,4184,4008,4195,3042,3072,4221,4099,4177,3141
274,13NOV2022,383/15:53: 3-323,200,22962-57642-323-1,10,10,1,3020,4184,4008,4195,3042,3072,4221,4099,4177,3141
275,13NOV2022,384/11:34:36-905,10,384/11:34:36-905,,10,1,3114,4069,4127,4155,4041,3048,4075,4056,4061,3032
276,13NOV2022,385/11:38:25-400,11,385/11:38:25-400,,10,,,,,,,,,,,
277,13NOV2022,385/11:43:13-400,78,22962-41634-413-14,10,10,,,,,,,,,,,
278,13NOV2022,387/11:43:55-201,86,22962-42564-201-4,8,8,0,1231,1883,1710,1716,1688,1715,1722,1260,,
279,13NOV2022,387/13:14:17-201,126,22962-47754-201-3,8,8,0,1231,1883,1710,1716,1688,1715,1722,1260,,
280,13NOV2022,391/11:58:51-407,91,22962-43362-407-7,10,10,0,1212,1705,1642,1827,1575,1845,1639,1602,1554,350
281,13NOV2022,391/13:14: 7-407,124,22962-47646-407-13,10,10,0,1212,1705,1642,1827,1575,1845,1639,1602,1554,350
282,13NOV2022,391/13:27:56-407,134,22962-48834-407-14,10,10,0,1212,1705,1642,1827,1575,1845,1639,1602,1554,350
283,13NOV2022,391/13:38: 9-407,136,22962-49206-407-8,10,10,0,1212,1705,1642,1827,1575,1845,1639,1602,1554,350
284,13NOV2022,392/12: 2:18-321,95,22962-43860-321-2,10,10,,,,,,,,,,,
285,13NOV2022,392/12:22:27-321,102,22962-45042-321-1,10,10,1,3029,4058,4175,4118,3095,3153,4016,4257,4259,3035
286,13NOV2022,395/12:15: 6-211,13,395/12:15: 6-211,,8,1,3131,4082,4091,4211,4083,4148,4222,3058,,
287,13NOV2022,395/12:35:48-211,112,22962-45954-211-3,8,8,1,3131,4082,4091,4211,4083,4148,4222,3058,,
288,13NOV2022,396/12:16:37-203,100,22962-44364-203-4,8,8,1,3151,4106,4192,4110,3060,3112,4103,3052,,
289,13NOV2022,396/13:43: 1-203,140,22962-49554-203-3,8,8,1,3151,4106,4192,4110,3060,3112,4103,3052,,
290,13NOV2022,398/12:30:49-411,105,22962-45162-411-7,10,10,0,1275,1634,1701,1813,1510,1532,1678,1612,1637,1253
291,13NOV2022,398/13:44: 8-411,138,22962-49446-411-13,10,10,0,1275,1634,1701,1813,1510,1532,1678,1612,1637,1253
292,13NOV2022,398/13:49: 4-411,148,22962-50634-411-14,10,10,,,,,,,,,,,
293,13NOV2022,398/14: 8:32-411,150,22962-51006-411-8,10,10,0,1275,1634,1701,1813,1510,1532,1678,1612,1637,1253
294,13NOV2022,402/12:46:41-205,114,22962-46164-205-4,8,8,0,1264,1631,1670,1633,1650,1816,1553,1241,,
295,13NOV2022,402/14:15:50-205,154,22962-51354-205-3,8,8,0,1264,1631,1670,1633,1650,1816,1553,1241,,
296,13NOV2022,403/12:58:21-111,14,403/12:58:21-111,,10,0,1230,1583,1597,1817,1567,1888,1562,1677,1881,405
297,13NOV2022,403/13:17:60-111,131,22962-48720-111-5,10,10,0,1230,1583,1597,1817,1567,1888,1562,1677,1881,405
298,13NOV2022,403/14:59:21-111,174,22962-54120-111-6,10,10,0,1230,1583,1597,1817,1567,1888,1562,1677,1881,405
299,13NOV2022,403/16:31:57-111,215,22962-59520-111-5,10,10,0,1230,1583,1597,1817,1567,1888,1562,1677,1881,405
300,13NOV2022,403/17:56: 2-111,258,22962-64920-111-6,10,10,0,1230,1583,1597,1817,1567,1888,1562,1677,1881,405
301,13NOV2022,403/19:27:22-111,22,403/19:27:22-111,,10,0,1230,1583,1597,1817,1567,1888,1562,1677,1881,405
302,13NOV2022,404/13: 1:27-413,119,22962-46962-413-7,10,10,1,3061,4113,4224,4065,3043,3139,4112,4165,4015,3011
303,13NOV2022,404/14:14: 8-413,152,22962-51246-413-13,10,10,1,3061,4113,4224,4065,3043,3139,4112,4165,4015,3011
304,13NOV2022,404/14:25:45-413,162,22962-52434-413-14,10,10,1,3061,4113,4224,4065,3043,3139,4112,4165,4015,3011
305,13NOV2022,404/14:39:46-413,164,22962-52806-413-8,10,10,1,3061,4113,4224,4065,3043,3139,4112,4165,4015,3011
306,13NOV2022,405/13: 5:52-321,123,22962-47460-321-2,10,10,,,,,,,,,,,
307,13NOV2022,405/13:22:50-321,130,22962-48642-321-1,10,10,,,,,,,,,,,
308,13NOV2022,405/14: 2:18-321,151,22962-51060-321-2,10,10,,,,,,,,,,,
309,13NOV2022,405/14:23:59-321,158,22962-52242-321-1,10,10,,,,,,,,,,,
310,13NOV2022,405/15: 7:17-321,179,22962-54660-321-2,10,10,,,,,,,,,,,
311,13NOV2022,405/15:23:37-321,186,22962-55842-321-1,10,10,,,,,,,,,,,
312,13NOV2022,407/13:12:54-207,128,22962-47964-207-4,8,8,0,1210,1804,1580,1718,1565,1811,1595,1206,,
313,13NOV2022,407/14:45:51-207,168,22962-53154-207-3,8,8,0,1210,1804,1580,1718,1565,1811,1595,1206,,
314,13NOV2022,409/13:29:48-401,133,22962-48762-401-7,10,10,0,1226,1660,1902,1525,1645,1851,1611,1506,1746,1232
315,13NOV2022,409/14:45:23-401,166,22962-53046-401-13,10,10,0,1226,1660,1902,1525,1645,1851,1611,1506,1746,1232
316,13NOV2022,409/14:52:41-401,176,22962-54234-401-14,10,10,,,,,,,,,,,
317,13NOV2022,409/15: 9:45-401,178,22962-54606-401-8,10,10,0,1226,1660,1902,1525,1645,1851,1611,1506,1746,1232
318,13NOV2022,411/13:47:50-209,142,22962-49764-209-4,8,8,0,376,1906,1858,1682,1829,1539,1586,1245,,
319,13NOV2022,411/15:16: 2-209,182,22962-54954-209-3,8,8,0,376,1906,1858,1682,1829,1539,1586,1245,,
320,13NOV2022,412/14: 0: 8-403,147,22962-50562-403-7,10,10,1,3080,4183,4020,3012,3085,4122,4048,4060,4114,3097
321,13NOV2022,412/15:13: 5-403,180,22962-54846-403-13,10,10,1,3080,4183,4020,3012,3085,4122,4048,4060,4114,3097
322,13NOV2022,412/15:19:26-403,190,22962-56034-403-14,10,10,,,,,,,,,,,
323,13NOV2022,412/15:38:29-403,192,22962-56406-403-8,10,10,1,3080,4183,4020,3012,3085,4122,4048,4060,4114,3097
324,13NOV2022,416/ 0:24:21-505,391,22962-88218-505-12,10,9,1,3047,4026,4199,4149,3120,3062,4153,4080,3044,
325,13NOV2022,416/14:12:37-505,153,22962-51270-505-12,10,9,1,3044,4080,4153,3062,3120,4149,4199,4026,3047,
326,13NOV2022,416/15:25:41-505,191,22962-56256-505-11,10,9,1,3044,4080,4153,3062,3120,4149,4199,4026,3047,
327,13NOV2022,416/16:42:48-505,223,22962-60270-505-12,10,9,1,3044,4080,4153,3062,3120,4149,4199,4026,3047,
328,13NOV2022,416/17:49:17-505,262,22962-65256-505-11,10,9,1,3044,4080,4153,3062,3120,4149,4199,4026,3047,
329,13NOV2022,416/19:14: 2-505,294,22962-69690-505-12,10,9,1,3044,4080,4153,3062,3120,4149,4199,4026,3047,
330,13NOV2022,416/20:41:20-505,325,22962-75216-505-11,10,9,1,3044,4080,4153,3062,3120,4149,4199,4026,3047,
331,13NOV2022,416/21:57:25-505,347,22962-79212-505-12,10,9,1,3044,4080,4153,3062,3120,4149,4199,4026,3047,
332,13NOV2022,416/23:12:26-505,373,22962-84036-505-11,10,9,1,3047,4026,4199,4149,3120,3062,4153,4080,3044,
333,13NOV2022,417/14:12:40-211,156,22962-51564-211-4,8,8,1,3131,4082,4091,4211,4083,4148,4222,3058,,
334,13NOV2022,417/15:45:49-211,196,22962-56754-211-3,8,8,1,3131,4082,4091,4211,4083,4148,4222,3058,,
335,13NOV2022,419/14:30:47-405,161,22962-52362-405-7,10,10,0,1254,1505,1533,1636,1767,1661,1619,1515,1655,1229
336,13NOV2022,419/15:44: 8-405,194,22962-56646-405-13,10,10,0,1254,1505,1533,1636,1767,1661,1619,1515,1655,1229
337,13NOV2022,419/15:50:19-405,204,22962-57834-405-14,10,10,,,,,,,,,,,
338,13NOV2022,419/16: 8:15-405,206,22962-58206-405-8,10,10,0,1254,1505,1533,1636,1767,1661,1619,1515,1655,1229
339,13NOV2022,423/14:47:44-201,170,22962-53364-201-4,8,8,0,1231,1883,1710,1716,1688,1715,1722,1260,,
340,13NOV2022,423/16:13:14-201,210,22962-58554-201-3,8,8,0,1231,1883,1710,1716,1688,1715,1722,1260,,
341,13NOV2022,428/15: 1: 1-407,175,22962-54162-407-7,10,10,0,1212,1705,1642,1827,1575,1845,1639,1602,1554,350
342,13NOV2022,428/16:14: 8-407,208,22962-58446-407-13,10,10,0,1212,1705,1642,1827,1575,1845,1639,1602,1554,350
343,13NOV2022,428/16:19:35-407,218,22962-59634-407-14,10,10,,,,,,,,,,,
344,13NOV2022,428/16:38:36-407,220,22962-60006-407-8,10,10,0,1212,1705,1642,1827,1575,1845,1639,1602,1554,350
345,13NOV2022,433/15:16:20-203,184,22962-55164-203-4,8,8,1,3151,4106,4192,4110,3060,3112,4103,3052,,
346,13NOV2022,433/16:45:50-203,224,22962-60354-203-3,8,8,1,3151,4106,4192,4110,3060,3112,4103,3052,,
347,13NOV2022,434/15:30:41-411,189,22962-55962-411-7,10,10,0,1275,1634,1701,1813,1510,1532,1678,1612,1637,1253
348,13NOV2022,434/16:45:58-411,222,22962-60246-411-13,10,10,0,1275,1634,1701,1813,1510,1532,1678,1612,1637,1253
349,13NOV2022,434/16:56:30-411,232,22962-61434-411-14,10,10,0,1275,1634,1701,1813,1510,1532,1678,1612,1637,1253
350,13NOV2022,434/17: 8:11-411,234,22962-61806-411-8,10,10,0,1275,1634,1701,1813,1510,1532,1678,1612,1637,1253
351,13NOV2022,438/15:46:28-975,17,438/15:46:28-975,,8,0,1269,1846,1801,1673,1818,1859,1862,414,,
352,13NOV2022,439/15:49:36-205,198,22962-56964-205-4,8,8,0,1264,1631,1670,1633,1650,1816,1553,1241,,
353,13NOV2022,439/17:17:16-205,238,22962-62154-205-3,8,8,0,1264,1631,1670,1633,1650,1816,1553,1241,,
354,13NOV2022,441/15:59:50-413,203,22962-57762-413-7,10,10,1,3061,4113,4224,4065,3043,3139,4112,4165,4015,3011
355,13NOV2022,441/17:14: 7-413,236,22962-62046-413-13,10,10,1,3061,4113,4224,4065,3043,3139,4112,4165,4015,3011
356,13NOV2022,441/17:20: 0-413,247,22962-63234-413-14,10,10,,,,,,,,,,,
357,13NOV2022,441/17:36:58-413,249,22962-63606-413-8,10,10,1,3061,4113,4224,4065,3043,3139,4112,4165,4015,3011
358,13NOV2022,442/16: 4:20-321,207,22962-58260-321-2,10,10,,,,,,,,,,,
359,13NOV2022,442/16:23:18-321,214,22962-59442-321-1,10,10,,,,,,,,,,,
360,13NOV2022,443/16:17:13-207,212,22962-58764-207-4,8,8,0,1210,1804,1580,1718,1565,1811,1595,1206,,
361,13NOV2022,443/17:45:50-207,253,22962-63954-207-3,8,8,0,1210,1804,1580,1718,1565,1811,1595,1206,,
362,13NOV2022,444/16:31:52-401,217,22962-59562-401-7,10,10,0,1226,1660,1902,1525,1645,1851,1611,1506,1746,1232
363,13NOV2022,444/17:46:47-401,251,22962-63846-401-13,10,10,0,1226,1660,1902,1525,1645,1851,1611,1506,1746,1232
364,13NOV2022,444/17:54: 5-401,261,22962-65034-401-14,10,10,,,,,,,,,,,
365,13NOV2022,444/18: 7:58-401,263,22962-65406-401-8,10,10,0,1226,1660,1902,1525,1645,1851,1611,1506,1746,1232
366,13NOV2022,446/16:37:38-323,221,22962-60060-323-2,10,10,,,,,,,,,,,
367,13NOV2022,446/16:52:56-323,228,22962-61242-323-1,10,10,,,,,,,,,,,
368,13NOV2022,447/16:42:52-209,226,22962-60564-209-4,8,8,0,376,1906,1858,1682,1829,1539,1586,1245,,
369,13NOV2022,448/17: 8:22-950,19,448/17: 8:22-950,,10,,,,,,,,,,,
370,13NOV2022,449/16:57: 6-975,18,449/16:57: 6-975,,8,1,3008,4209,4200,4085,3133,4063,4084,3054,,
371,13NOV2022,450/17: 1:32-403,231,22962-61362-403-7,10,10,1,3080,4183,4020,3012,3085,4122,4048,4060,4114,3097
372,13NOV2022,450/18:15:54-403,265,22962-65646-403-13,10,10,1,3080,4183,4020,3012,3085,4122,4048,4060,4114,3097
373,13NOV2022,450/18:22:33-403,275,22962-66834-403-14,10,10,,,,,,,,,,,
374,13NOV2022,450/18:37:31-403,277,22962-67206-403-8,10,10,1,3080,4183,4020,3012,3085,4122,4048,4060,4114,3097
375,13NOV2022,451/17: 3:43-321,235,22962-61860-321-2,10,10,,,,,,,,,,,
376,13NOV2022,451/17:24: 1-321,243,22962-63042-321-1,10,10,,,,,,,,,,,
377,13NOV2022,455/17:19:11-211,241,22962-62364-211-4,8,8,1,3131,4082,4091,4211,4083,4148,4222,3058,,
378,13NOV2022,455/18:42:39-211,281,22962-67554-211-3,8,8,1,3131,4082,4091,4211,4083,4148,4222,3058,,
379,13NOV2022,456/17:29:60-405,246,22962-63162-405-7,10,10,0,1254,1505,1533,1636,1767,1661,1619,1515,1655,1229
380,13NOV2022,456/18:46:50-405,279,22962-67446-405-13,10,10,0,1254,1505,1533,1636,1767,1661,1619,1515,1655,1229
381,13NOV2022,456/18:51:19-405,287,22962-68574-405-14,10,10,,,,,,,,,,,
382,13NOV2022,456/19: 9:16-405,288,22962-69006-405-8,10,10,0,1254,1505,1533,1636,1767,1661,1619,1515,1655,1229
383,13NOV2022,457/ 0: 3: 9-509,390,22962-87216-509-11,10,9,1,3110,4076,4237,4204,3055,3148,4001,4067,3147,
384,13NOV2022,457/17:36:10-509,252,22962-63870-509-12,10,9,1,3110,4076,4237,4204,3055,3148,4001,4067,3147,
385,13NOV2022,457/18:49:33-509,295,22962-69756-509-11,10,9,1,3110,4076,4237,4204,3055,3148,4001,4067,3147,
386,13NOV2022,457/20:29:50-509,318,22962-73890-509-12,10,9,1,3110,4076,4237,4204,3055,3148,4001,4067,3147,
387,13NOV2022,457/21:35:50-509,345,22962-78816-509-11,10,9,1,3110,4076,4237,4204,3055,3148,4001,4067,3147,
388,13NOV2022,457/22:57:13-509,367,22962-82812-509-12,10,9,1,3110,4076,4237,4204,3055,3148,4001,4067,3147,
389,13NOV2022,460/17:35:18-323,250,22962-63660-323-2,10,10,,,,,,,,,,,
390,13NOV2022,460/17:53:24-323,257,22962-64842-323-1,10,10,,,,,,,,,,,
391,13NOV2022,462/17:50: 7-201,255,22962-64164-201-4,8,8,0,1231,1883,1710,1716,1688,1715,1722,1260,,
392,13NOV2022,462/19:24:26-201,291,22962-69354-201-3,8,8,0,1231,1883,1710,1716,1688,1715,1722,1260,,
393,13NOV2022,463/18: 1: 1-407,260,22962-64962-407-7,10,10,0,1212,1705,1642,1827,1575,1845,1639,1602,1554,350
394,13NOV2022,463/19:16:30-407,290,22962-69246-407-13,10,10,0,1212,1705,1642,1827,1575,1845,1639,1602,1554,350
395,13NOV2022,463/19:21:46-407,298,22962-70374-407-14,10,10,,,,,,,,,,,
396,13NOV2022,463/19:37:42-407,299,22962-70806-407-8,10,10,0,1212,1705,1642,1827,1575,1845,1639,1602,1554,350
397,13NOV2022,464/18: 3:23-321,264,22962-65460-321-2,10,10,,,,,,,,,,,
398,13NOV2022,464/18:24:27-321,271,22962-66642-321-1,10,10,,,,,,,,,,,
399,13NOV2022,466/18:17:53-203,269,22962-65964-203-4,8,8,1,3008,4209,4200,4085,3133,4063,4084,3054,,
400,13NOV2022,466/19:45: 7-203,302,22962-71250-203-3,8,8,1,3008,4209,4200,4085,3133,4063,4084,3054,,
401,13NOV2022,469/18:30:56-411,274,22962-66762-411-7,10,10,0,1275,1634,1701,1813,1510,1532,1678,1612,1637,1253
402,13NOV2022,469/19:45:29-411,301,22962-71046-411-13,10,10,0,1275,1634,1701,1813,1510,1532,1678,1612,1637,1253
403,13NOV2022,469/19:50:45-411,307,22962-71940-411-8,10,10,,,,,,,,,,,
404,13NOV2022,471/18:36: 7-323,278,22962-67260-323-2,10,10,,,,,,,,,,,
405,13NOV2022,471/18:53:24-323,285,22962-68442-323-1,10,10,,,,,,,,,,,
406,13NOV2022,473/18:50:37-205,283,22962-67764-205-4,8,8,0,311,1528,1749,1837,1508,1654,1527,1255,,
407,13NOV2022,473/20:12:33-205,313,22962-73050-205-3,8,8,0,311,1528,1749,1837,1508,1654,1527,1255,,
408,13NOV2022,474/18:58: 4-413,286,22962-68562-413-7,10,10,,,,,,,,,,,
409,13NOV2022,474/20:14: 8-413,311,22962-72864-413-13,10,10,1,3139,4112,4165,4015,3011,,,,,
410,13NOV2022,475/19: 6:31-200,21,475/19: 6:31-200,,10,1,3151,4106,4192,4110,3060,3112,4196,4197,4103,3052
411,13NOV2022,475/21: 3:53-200,331,22962-76650-209-3,8,10,1,3151,4106,4192,4110,3060,3112,4196,4197,4103,3052
412,13NOV2022,476/19: 4:60-321,289,22962-69060-321-2,10,10,,,,,,,,,,,
413,13NOV2022,476/19:22:60-321,297,22962-70242-321-1,10,10,,,,,,,,,,,
414,13NOV2022,479/19:14:59-207,293,22962-69564-207-4,8,8,0,1210,1804,1580,1718,1565,1811,1595,1206,,
415,13NOV2022,479/20:44:12-207,322,22962-74850-207-3,8,8,0,1210,1804,1580,1718,1565,1811,1595,1206,,
416,13NOV2022,483/19:38: 6-323,300,22962-70824-323-2,10,10,,,,,,,,,,,
417,13NOV2022,483/19:53:12-323,309,22962-72000-323-1,10,10,,,,,,,,,,,
418,13NOV2022,486/20: 4:49-321,310,22962-72624-321-2,10,10,,,,,,,,,,,
419,13NOV2022,486/20:22:56-321,317,22962-73800-321-1,10,10,,,,,,,,,,,
420,13NOV2022,487/20: 6:25-503,315,22962-73434-503-11,10,9,0,359,1909,1620,1564,1884,1588,1535,1700,365,
421,13NOV2022,487/21:28:32-503,338,22962-77430-503-12,10,9,0,359,1909,1620,1564,1884,1588,1535,1700,365,
422,13NOV2022,487/22:34:55-503,365,22962-82416-503-11,10,9,0,359,1909,1620,1564,1884,1588,1535,1700,365,
423,13NOV2022,487/23:59:60-503,387,22962-86412-503-12,10,9,0,359,1909,1620,1564,1884,1588,1535,1700,365,
424,13NOV2022,489/20:16:16-309,316,22962-73794-309-2,10,10,1,3032,4061,4056,4075,3048,4041,4155,4127,4069,3114
425,13NOV2022,489/21:45: 5-309,342,22962-78468-309-1,10,10,1,3032,4061,4056,4075,3048,4041,4155,4127,4069,3114
426,13NOV2022,489/23: 1:59-309,369,22962-82884-309-14,10,10,1,3032,4061,4056,4075,3048,4041,4155,4127,4069,3114
427,13NOV2022,489/23:11: 2-309,375,22962-84162-309-13,10,10,1,3032,4061,4056,4075,3048,4041,4155,4127,4069,3114
428,13NOV2022,489/23:28:31-309,376,22962-84594-309-2,10,10,1,3032,4061,4056,4075,3048,4041,4155,4127,4069,3114
429,13NOV2022,490/20:14:27-211,314,22962-73182-211-4,8,8,1,3131,4082,4091,4211,4083,4148,4222,3058,,
430,13NOV2022,490/21:40:30-211,341,22962-78450-211-3,8,8,1,3131,4082,4091,4211,4083,4148,4222,3058,,
431,13NOV2022,492/20:35:10-323,320,22962-74424-323-2,10,10,,,,,,,,,,,
432,13NOV2022,492/20:53:15-323,328,22962-75660-323-1,10,10,,,,,,,,,,,
433,13NOV2022,493/20:46:39-201,323,22962-74982-201-4,8,8,0,1231,1883,1710,1716,1688,1715,1722,1260,,
434,13NOV2022,493/22:11:25-201,351,22962-80250-201-3,8,8,0,1231,1883,1710,1716,1688,1715,1722,1260,,
435,13NOV2022,495/21: 5:16-321,330,22962-76416-321-2,10,10,0,1252,1879,1892,1894,391,1761,1589,1574,1536,416
436,13NOV2022,495/21:25:43-321,339,22962-77460-321-1,10,10,0,1252,1879,1892,1894,391,1761,1589,1574,1536,416
437,13NOV2022,498/21:18:38-203,333,22962-76842-203-4,8,8,1,3008,4209,4200,4085,3133,4063,4084,3054,,
438,13NOV2022,498/22:45: 2-603,25,498/22:45: 2-603,,8,1,3008,4209,4200,4085,3133,4063,4084,3054,,
439,13NOV2022,501/21:34:17-323,340,22962-78216-323-2,10,10,,,,,,,,,,,
440,13NOV2022,501/21:54:58-323,349,22962-79260-323-1,10,10,,,,,,,,,,,
441,13NOV2022,504/21:46: 9-205,343,22962-78642-205-4,8,8,0,1264,1631,1670,1633,1650,1816,1553,1241,,
442,13NOV2022,504/23:15:33-205,371,22962-83850-205-3,8,8,0,1264,1631,1670,1633,1650,1816,1553,1241,,
443,13NOV2022,508/21:58:49-203,24,508/21:58:49-203,,8,1,3159,4244,4051,4046,4215,4057,4031,3016,,
444,13NOV2022,508/22:33:19-203,361,22962-82050-203-3,8,8,1,3159,4244,4051,4046,4215,4057,4031,3016,,
445,13NOV2022,509/21:54:58-950,23,509/21:54:58-950,,8,0,376,1906,1858,1682,1829,1539,1586,1245,,
446,13NOV2022,512/22: 4:47-321,350,22962-80016-321-2,10,10,,,,,,,,,,,
447,13NOV2022,512/22:25: 6-321,358,22962-81060-321-1,10,10,,,,,,,,,,,
448,13NOV2022,513/22:16: 4-207,353,22962-80442-207-4,8,8,0,1210,1804,1580,1718,1565,1811,1595,1206,,
449,13NOV2022,513/23:42:43-207,382,22962-85668-207-3,8,8,0,1210,1804,1580,1718,1565,1811,1595,1206,,
450,13NOV2022,514/22:34:50-323,360,22962-81816-323-2,10,10,,,,,,,,,,,
451,13NOV2022,514/22:55: 7-323,368,22962-82860-323-1,10,10,,,,,,,,,,,
452,13NOV2022,517/23: 4:42-321,370,22962-83616-321-2,10,10,,,,,,,,,,,
453,13NOV2022,517/23:25:45-321,378,22962-84660-321-1,10,10,,,,,,,,,,,
454,13NOV2022,518/23:17:54-211,374,22962-84042-211-4,8,8,1,3131,4082,4091,4211,4083,4148,4222,3058,,
455,13NOV2022,519/23:36:52-323,380,22962-85416-323-2,10,10,,,,,,,,,,,
456,13NOV2022,519/23:56:33-323,26,519/23:56:33-323,,10,,,,,,,,,,,
457,13NOV2022,520/ 0: 0:15-311,386,22962-86400-311-2,10,10,0,1265,1544,1570,1826,1742,1702,1772,1666,1856,1249
458,13NOV2022,520/23:40:21-311,384,22962-85968-311-13,10,10,0,1265,1544,1570,1826,1742,1702,1772,1666,1856,1249
459,13NOV2022,521/23:48:29-507,385,22962-86076-507-11,10,10,0,328,1521,1886,1854,1692,1762,1605,1652,1732,379
460,13NOV2022,522/23:51:14-201,383,22962-85842-201-4,8,8,0,1231,1883,1710,1716,1688,1715,1722,1260,,
461,13NOV2022,524/ 0:25:47-321,27,524/ 0:25:47-321,,10,,,,,,,,,,,
462,13NOV2022,524/23:58:15-321,389,22962-87216-321-2,10,10,,,,,,,,,,,
463,13NOV2022,528/ 0:28:30-203,392,22962-88248-203-4,8,8,1,3159,4244,4051,4046,4215,4057,4031,3016,,
464,13NOV2022,529/ 0:38:10-323,396,22962-89016-323-2,10,10,,,,,,,,,,,
465,13NOV2022,529/ 0:57:56-323,28,529/ 0:57:56-323,,10,,,,,,,,,,,
466,13NOV2022,533/ 1: 8:28-321,398,22962-90756-321-2,10,10,,,,,,,,,,,
467,13NOV2022,533/ 1:24:46-321,30,533/ 1:24:46-321,,10,,,,,,,,,,,
468,13NOV2022,537/ 1:39:47-323,399,22962-92862-323-2,10,10,,,,,,,,,,,
469,13NOV2022,537/ 1:59: 6-323,31,537/ 1:59: 6-323,,10,,,,,,,,,,,
231,13NOV2022,365/11:39:31-413,12,22962-42006-413-8,10,10,1,3061,4113,4224,4065,3043,3139,4112,4165,4015,3011
