RevDate,RUNKEY,RK,SRK,SLength,Length,FOTF,CAR1,CAR2,CAR3,CAR4,CAR5,CAR6,CAR7,CAR8,CAR9,CAR10,Id
02AUG2022,1/ 4:54:34-205,615,22859-18024-205-3,8,8,0,1210,1885,1520,1748,1754,1670,1882,1220,,,1
02AUG2022,10/ 5: 7:43-207,629,22859-18924-207-3,8,8,1,3101,4131,4154,4008,4045,4069,4128,3153,,,2
02AUG2022,100/ 7: 3:32-209,710,22859-25422-209-4,8,8,1,3055,4084,3076,4003,4023,4125,4049,3096,,,3
02AUG2022,100/ 8:30:21-209,782,22859-30624-209-3,8,8,1,3055,4084,3076,4003,4023,4125,4049,3096,,,4
02AUG2022,104/ 7:14: 2-419,717,22859-25944-419-7,10,10,,,,,,,,,,,,5
02AUG2022,104/ 7:34: 3-419,20,104/ 7:34: 3-419,,10,1,3085,4213,4074,4098,4104,4223,4122,4190,4097,3032,6
02AUG2022,104/ 8:35:36-419,777,22859-30288-419-13,10,10,1,3085,4213,4074,4098,4104,4223,4122,4190,4097,3032,7
02AUG2022,104/ 8:43: 9-419,789,22859-31164-419-14,10,10,1,3085,4213,4074,4098,4104,4223,4122,4190,4097,3032,8
02AUG2022,104/ 8:48: 3-419,796,22859-31578-419-8,10,10,1,3085,4213,4074,4098,4104,4223,4122,4190,4097,3032,9
02AUG2022,105/ 7:17:39-211,723,22859-26322-211-4,8,8,0,1241,1688,1515,1541,1843,1612,1877,1195,,,10
02AUG2022,105/ 8:45:21-211,795,22859-31524-211-3,8,8,0,1241,1688,1515,1541,1843,1612,1877,1195,,,11
02AUG2022,108/ 7:29:28-511,731,22859-26886-511-12,10,10,0,1254,1695,1872,1696,1666,1553,1508,1653,1866,1265,12
02AUG2022,108/ 8:44:51-511,798,22859-31902-511-11,10,10,0,1254,1695,1872,1696,1666,1553,1508,1653,1866,1265,13
02AUG2022,108/ 9:55:35-509,845,22859-34986-509-12,10,10,0,1265,1866,1653,1508,1553,1666,1696,1872,1695,1254,14
02AUG2022,108/10:57:44-509,113,22859-40002-509-11,10,10,0,1265,1866,1653,1508,1553,1666,1696,1872,1695,1254,15
02AUG2022,108/12:14:11-509,168,22859-43986-509-12,10,10,0,1265,1866,1653,1508,1553,1666,1696,1872,1695,1254,16
02AUG2022,108/13:27: 3-509,233,22859-49002-509-11,10,10,0,1265,1866,1653,1508,1553,1666,1696,1872,1695,1254,17
02AUG2022,108/14:42:23-509,288,22859-52986-509-12,10,10,0,1265,1866,1653,1508,1553,1666,1696,1872,1695,1254,18
02AUG2022,108/15:55:50-509,353,22859-58002-509-11,10,10,0,1265,1866,1653,1508,1553,1666,1696,1872,1695,1254,19
02AUG2022,108/17:14:21-509,408,22859-61986-509-12,10,10,0,1265,1866,1653,1508,1553,1666,1696,1872,1695,1254,20
02AUG2022,108/18:27:55-509,470,22859-67002-509-11,10,10,0,1265,1866,1653,1508,1553,1666,1696,1872,1695,1254,21
02AUG2022,108/19:41:21-509,516,22859-70986-509-12,10,10,0,1265,1866,1653,1508,1553,1666,1696,1872,1695,1254,22
02AUG2022,108/20:59:17-511,551,22859-76290-511-11,10,10,0,1265,1866,1653,1508,1553,1666,1696,1872,1695,1254,23
02AUG2022,108/22:17: 9-511,570,22859-80250-511-12,10,10,0,1265,1866,1653,1508,1553,1666,1696,1872,1695,1254,24
02AUG2022,108/23:30: 7-511,594,22859-85350-511-11,10,10,0,1265,1866,1653,1508,1553,1666,1696,1872,1695,1254,25
02AUG2022,11/ 4:53:25-101,611,22859-17742-101-5,10,10,0,343,1846,1559,1509,1555,1888,1618,1906,1847,414,26
02AUG2022,11/ 5:54:12-101,653,22859-21216-101-6,10,10,0,343,1846,1559,1509,1555,1888,1618,1906,1847,414,27
02AUG2022,11/ 7:22:23-101,726,22859-26652-101-5,10,10,0,343,1846,1559,1509,1555,1888,1618,1906,1847,414,28
02AUG2022,11/ 8:51:41-101,800,22859-31986-101-6,10,10,0,343,1846,1559,1509,1555,1888,1618,1906,1847,414,29
02AUG2022,11/10:24:10-101,79,22859-37452-101-5,10,10,0,343,1846,1559,1509,1555,1888,1618,1906,1847,414,30
02AUG2022,11/11:49:24-101,150,22859-42786-101-6,10,10,0,343,1846,1559,1509,1555,1888,1618,1906,1847,414,31
02AUG2022,11/13:20: 6-102,28,11/13:20: 6-102,,10,0,343,1846,1559,1509,1555,1888,1618,1906,1847,414,32
02AUG2022,110/ 7:33: 3-213,735,22859-27222-213-4,8,8,0,1259,1808,1572,1900,1518,1766,1905,1235,,,33
02AUG2022,110/ 8:59:25-213,809,22859-32424-213-3,8,8,0,1259,1808,1572,1900,1518,1766,1905,1235,,,34
02AUG2022,113/ 7:35:36-421,730,22859-26844-421-7,10,10,0,1244,1596,1694,1891,1642,1736,1571,1706,1650,1276,35
02AUG2022,113/ 8:52:51-421,790,22859-31188-421-13,10,10,0,1244,1596,1694,1891,1642,1736,1571,1706,1650,1276,36
02AUG2022,113/ 8:58:49-421,802,22859-32064-421-14,10,10,0,1244,1596,1694,1891,1642,1736,1571,1706,1650,1276,37
02AUG2022,113/ 9: 5: 5-421,810,22859-32478-421-8,10,10,0,1244,1596,1694,1891,1642,1736,1571,1706,1650,1276,38
02AUG2022,116/ 7:52:48-950,21,116/ 7:52:48-950,,10,,,,,,,,,,,,39
02AUG2022,118/ 7:43:10-423,742,22859-27744-423-7,10,10,0,1257,1634,1890,1637,306,334,1760,1902,1565,1218,40
02AUG2022,118/ 8:57:23-423,803,22859-32088-423-13,10,10,,,,,,,,,,,,41
02AUG2022,118/ 9: 6: 4-423,816,22859-32964-423-14,10,10,,,,,,,,,,,,42
02AUG2022,118/ 9:14:57-423,823,22859-33378-423-8,10,10,0,1257,1634,1890,1637,306,334,1760,1902,1565,1218,43
02AUG2022,119/ 7:47: 6-215,747,22859-28122-215-4,8,8,0,1219,1747,1704,1802,1857,1713,1709,1256,,,44
02AUG2022,119/ 9:15:20-215,822,22859-33324-215-3,8,8,0,1219,1747,1704,1802,1857,1713,1709,1256,,,45
02AUG2022,12/ 4:52:15-317,620,22859-18270-317-13,10,10,1,3130,4052,4016,4133,4040,3143,4029,4152,4180,3039,46
02AUG2022,12/ 5:11:50-317,624,22859-18714-317-2,10,10,1,3130,4052,4016,4133,4040,3143,4029,4152,4180,3039,47
02AUG2022,12/ 6:41:57-317,694,22859-24300-317-1,10,10,1,3130,4052,4016,4133,4040,3143,4029,4152,4180,3039,48
02AUG2022,12/ 8:16:56-317,778,22859-30414-317-2,10,10,1,3130,4052,4016,4133,4040,3143,4029,4152,4180,3039,49
02AUG2022,12/10: 0:24-717,23,12/10: 0:24-717,,10,,,,,,,,,,,,50
02AUG2022,126/ 7:57:36-401,754,22859-28644-401-7,10,10,1,3098,4121,4041,4129,3112,3057,4193,4191,4123,3124,51
02AUG2022,126/ 9:11:20-401,817,22859-32988-401-13,10,10,,,,,,,,,,,,52
02AUG2022,126/ 9:15:60-401,828,22859-33864-401-14,10,10,,,,,,,,,,,,53
02AUG2022,126/ 9:31:14-401,835,22859-34278-401-8,10,10,,,,,,,,,,,,54
02AUG2022,13/ 4:58:37-203,6,13/ 4:58:37-203,,8,,,,,,,,,,,,55
02AUG2022,13/ 5: 2:54-203,619,22859-18234-203-3,8,8,0,400,1841,1698,1740,1556,1756,1610,1230,,,56
02AUG2022,132/ 7:57:24-515,755,22859-28686-515-12,10,10,0,359,1865,1588,1714,1605,1501,1529,1517,1729,434,57
02AUG2022,132/ 9:16: 1-515,825,22859-33702-515-11,10,10,0,359,1865,1588,1714,1605,1501,1529,1517,1729,434,58
02AUG2022,132/10:33:37-515,84,22859-37686-515-12,10,10,0,359,1865,1588,1714,1605,1501,1529,1517,1729,434,59
02AUG2022,132/11:47: 3-515,149,22859-42702-515-11,10,10,0,359,1865,1588,1714,1605,1501,1529,1517,1729,434,60
02AUG2022,132/12:57:36-515,204,22859-46686-515-12,10,10,0,359,1865,1588,1714,1605,1501,1529,1517,1729,434,61
02AUG2022,132/14:15:25-515,269,22859-51702-515-11,10,10,0,359,1865,1588,1714,1605,1501,1529,1517,1729,434,62
02AUG2022,132/15:31:39-515,324,22859-55686-515-12,10,10,0,359,1865,1588,1714,1605,1501,1529,1517,1729,434,63
02AUG2022,132/16:46:18-515,389,22859-60702-515-11,10,10,0,359,1865,1588,1714,1605,1501,1529,1517,1729,434,64
02AUG2022,132/18: 0:40-515,443,22859-64686-515-12,10,10,0,359,1865,1588,1714,1605,1501,1529,1517,1729,434,65
02AUG2022,132/19:17:53-515,503,22859-69702-515-11,10,10,0,359,1865,1588,1714,1605,1501,1529,1517,1729,434,66
02AUG2022,132/20:27:31-515,538,22859-73686-515-12,10,10,0,359,1865,1588,1714,1605,1501,1529,1517,1729,434,67
02AUG2022,132/21:33: 8-515,561,22859-78090-515-11,10,10,0,359,1865,1588,1714,1605,1501,1529,1517,1729,434,68
02AUG2022,133/ 8: 1:37-217,759,22859-29022-217-4,8,8,0,1261,1582,1806,1849,339,362,1908,1205,,,69
02AUG2022,133/ 9:30:21-217,834,22859-34224-217-3,8,8,0,1261,1582,1806,1849,339,362,1908,1205,,,70
02AUG2022,134/ 8: 8: 7-403,766,22859-29544-403-7,10,10,1,3101,4131,4154,4008,3014,3097,4045,4069,4128,3153,71
02AUG2022,134/ 9:24:50-403,829,22859-33888-403-13,10,10,,,,,,,,,,,,72
02AUG2022,134/ 9:31:51-403,841,22859-34764-403-14,10,10,,,,,,,,,,,,73
02AUG2022,134/ 9:47:19-403,849,22859-35178-403-8,10,10,1,3101,4131,4154,4008,3014,3097,4045,4069,4128,3153,74
02AUG2022,14/ 4:56:39-201,617,22859-18120-201-3,8,8,0,417,421,1685,1616,329,327,1825,388,,,75
02AUG2022,140/ 8:15:45-219,771,22859-29922-219-4,8,8,1,3074,4106,4112,3075,3029,4188,4072,3012,,,76
02AUG2022,140/ 9:45:21-219,848,22859-35124-219-3,8,8,1,3074,4106,4112,3075,3029,4188,4072,3012,,,77
02AUG2022,141/ 8:24:37-405,779,22859-30444-405-7,10,10,1,3108,4208,4212,4142,4225,4167,4150,4183,4036,3090,78
02AUG2022,141/ 9:42:18-405,842,22859-34788-405-13,10,10,1,3108,4208,4212,4142,4225,4167,4150,4183,4036,3090,79
02AUG2022,141/ 9:57: 9-405,855,22859-35664-405-14,10,10,1,3090,4036,4183,4150,4167,4225,4142,4212,4208,3108,80
02AUG2022,141/10: 1:15-405,63,22859-36078-405-8,10,10,1,3108,4208,4212,4142,4225,4167,4150,4183,4036,3090,81
02AUG2022,143/ 8:31:35-221,784,22859-30822-221-4,8,8,0,1206,1528,1655,1693,1580,1705,1749,1250,,,82
02AUG2022,143/ 9:57:54-221,62,22859-36024-221-3,8,8,0,1206,1528,1655,1693,1580,1705,1749,1250,,,83
02AUG2022,147/ 8:41:52-407,792,22859-31344-407-7,10,10,1,3031,4136,4012,4044,4113,4203,4078,4117,4076,3152,84
02AUG2022,147/ 9:54:58-407,856,22859-35688-407-13,10,10,,,,,,,,,,,,85
02AUG2022,147/10:10:49-407,68,22859-36564-407-14,10,10,,,,,,,,,,,,86
02AUG2022,147/10:16:49-407,75,22859-36978-407-8,10,10,1,3031,4136,4012,4044,4113,4203,4078,4117,4076,3152,87
02AUG2022,149/ 8:45:31-225,797,22859-31722-225-4,8,8,1,3091,4111,4119,4226,4020,4229,4092,3069,,,88
02AUG2022,149/10:13: 7-225,74,22859-36924-225-3,8,8,1,3091,4111,4119,4226,4020,4229,4092,3069,,,89
02AUG2022,151/ 8:57:35-409,805,22859-32244-409-7,10,10,0,1260,1534,1883,1836,1591,1691,1633,1804,1621,350,90
02AUG2022,151/ 9:52:58-409,22,151/ 9:52:58-409,,10,0,1260,1534,1883,1836,1591,1691,1633,1804,1621,350,91
02AUG2022,154/ 9: 0: 5-321,804,22859-32214-321-2,10,10,1,3089,4201,4005,4030,4099,4114,4058,4134,4196,3111,92
02AUG2022,154/10:28:14-321,85,22859-37800-321-1,10,10,1,3089,4201,4005,4030,4099,4114,4058,4134,4196,3111,93
02AUG2022,154/12: 5: 2-321,166,22859-43914-321-2,10,10,1,3089,4201,4005,4030,4099,4114,4058,4134,4196,3111,94
02AUG2022,154/13:50:29-721,30,154/13:50:29-721,,10,,,,,,,,,,,,95
02AUG2022,156/ 9: 4:31-201,811,22859-32622-201-4,8,8,0,417,421,1685,1616,329,327,1825,388,,,96
02AUG2022,156/10:28:56-201,86,22859-37824-201-3,8,8,0,417,421,1685,1616,329,327,1825,388,,,97
02AUG2022,159/ 9:10:15-411,819,22859-33144-411-7,10,10,1,3016,4158,4182,4155,4127,3051,4217,4149,4107,3106,98
02AUG2022,159/10:37: 4-411,99,22859-38778-411-8,10,10,1,3016,4158,4182,4155,4127,3051,4217,4149,4107,3106,99
02AUG2022,163/ 9:16:23-203,824,22859-33522-203-4,8,8,0,400,1841,1698,1740,1556,1756,1610,1230,,,100
02AUG2022,163/10:45:25-203,98,22859-38724-203-3,8,8,0,400,1841,1698,1740,1556,1756,1610,1230,,,101
02AUG2022,165/ 9:26: 2-413,831,22859-34044-413-7,10,10,0,1238,1678,1712,1611,1548,1558,1625,1718,1767,1253,102
02AUG2022,165/10:49:13-413,93,22859-38388-413-13,10,10,,,,,,,,,,,,103
02AUG2022,165/10:54:16-413,104,22859-39264-413-14,10,10,0,1238,1678,1712,1611,1548,1558,1625,1718,1767,1253,104
02AUG2022,165/11: 1:19-413,111,22859-39678-413-8,10,10,0,1238,1678,1712,1611,1548,1558,1625,1718,1767,1253,105
02AUG2022,168/ 9:29:15-205,836,22859-34422-205-4,8,8,0,1210,1885,1520,1748,1754,1670,1882,1220,,,106
02AUG2022,168/10:59:44-205,110,22859-39624-205-3,8,8,0,1210,1885,1520,1748,1754,1670,1882,1220,,,107
02AUG2022,17/ 5: 0:32-401,616,22859-18102-401-7,10,10,1,3098,4121,4041,4129,3112,3057,4193,4191,4123,3124,108
02AUG2022,17/ 6:16:48-401,669,22859-22446-401-13,10,10,1,3098,4121,4041,4129,3112,3057,4193,4191,4123,3124,109
02AUG2022,17/ 6:24: 8-401,677,22859-23064-401-14,10,10,1,3098,4121,4041,4129,3112,3057,4193,4191,4123,3124,110
02AUG2022,17/ 6:28:41-401,684,22859-23478-401-8,10,10,1,3098,4121,4041,4129,3112,3057,4193,4191,4123,3124,111
02AUG2022,170/ 9:37:42-415,844,22859-34944-415-7,10,10,0,1266,1522,1721,1684,1510,1525,1619,311,1845,1255,112
02AUG2022,170/10:54:50-415,105,22859-39288-415-13,10,10,,,,,,,,,,,,113
02AUG2022,170/11: 4:34-415,116,22859-40164-415-14,10,10,,,,,,,,,,,,114
02AUG2022,170/11:14:34-415,123,22859-40578-415-8,10,10,0,1266,1522,1721,1684,1510,1525,1619,311,1845,1255,115
02AUG2022,172/ 9:45:60-207,850,22859-35322-207-4,8,8,0,1226,1722,1631,1595,1824,1506,1554,1164,,,116
02AUG2022,172/11:14:49-207,122,22859-40524-207-3,8,8,0,1226,1722,1631,1595,1824,1506,1554,1164,,,117
02AUG2022,174/ 9:55:34-417,858,22859-35844-417-7,10,10,0,1258,1903,1505,1823,1639,1623,1675,1874,1715,1232,118
02AUG2022,174/11: 8:31-417,117,22859-40188-417-13,10,10,,,,,,,,,,,,119
02AUG2022,174/11:13:35-417,128,22859-41064-417-14,10,10,,,,,,,,,,,,120
02AUG2022,174/11:30:58-417,135,22859-41478-417-8,10,10,0,1258,1903,1505,1823,1639,1623,1675,1874,1715,1232,121
02AUG2022,177/10: 0:29-209,64,22859-36222-209-4,8,8,1,3055,4084,3076,4003,4023,4125,4049,3096,,,122
02AUG2022,177/11:27:48-209,134,22859-41424-209-3,8,8,1,3055,4084,3076,4003,4023,4125,4049,3096,,,123
02AUG2022,178/10:12:59-103,24,178/10:12:59-103,,9,1,3054,4116,4057,3149,3134,4081,4051,4082,3058,,124
02AUG2022,178/10:38:29-103,91,22859-38352-103-5,10,9,1,3054,4116,4057,3149,3134,4081,4051,4082,3058,,125
02AUG2022,178/12: 3:60-103,162,22859-43686-103-6,10,9,1,3054,4116,4057,3149,3134,4081,4051,4082,3058,,126
02AUG2022,178/13:37: 2-103,235,22859-49152-103-5,10,9,1,3054,4116,4057,3149,3134,4081,4051,4082,3058,,127
02AUG2022,178/15: 4:26-103,306,22859-54486-103-6,10,9,1,3054,4116,4057,3149,3134,4081,4051,4082,3058,,128
02AUG2022,178/16:39: 8-103,379,22859-59952-103-5,10,9,1,3054,4116,4057,3149,3134,4081,4051,4082,3058,,129
02AUG2022,178/18: 6: 2-103,449,22859-65286-103-6,10,9,1,3054,4116,4057,3149,3134,4081,4051,4082,3058,,130
02AUG2022,178/19:38: 9-103,45,178/19:38: 9-103,,9,1,3054,4116,4057,3149,3134,4081,4051,4082,3058,,131
02AUG2022,18/ 5: 7:40-958,8,18/ 5: 7:40-958,,10,0,1254,1695,1896,1893,1833,1570,1726,394,1544,352,132
02AUG2022,180/10: 9:43-419,71,22859-36744-419-7,10,10,1,3085,4213,4074,4098,4104,4223,4122,4190,4097,3032,133
02AUG2022,180/11:23:24-419,129,22859-41088-419-13,10,10,,,,,,,,,,,,134
02AUG2022,180/11:29:23-419,140,22859-41964-419-14,10,10,,,,,,,,,,,,135
02AUG2022,180/11:44:40-419,147,22859-42378-419-8,10,10,,,,,,,,,,,,136
02AUG2022,186/10:16:15-211,76,22859-37122-211-4,8,8,0,1241,1688,1515,1541,1843,1612,1877,1195,,,137
02AUG2022,186/11:44:56-211,146,22859-42324-211-3,8,8,0,1241,1688,1515,1541,1843,1612,1877,1195,,,138
02AUG2022,188/10:23:43-918,25,188/10:23:43-918,,10,0,1249,1632,1589,1813,1660,1717,1772,1742,1837,352,139
02AUG2022,189/10:25:53-421,83,22859-37644-421-7,10,10,0,1244,1596,1694,1891,1642,1736,1571,1706,1650,1276,140
02AUG2022,189/11:36:46-421,141,22859-41988-421-13,10,10,,,,,,,,,,,,141
02AUG2022,189/11:49:56-421,152,22859-42864-421-14,10,10,,,,,,,,,,,,142
02AUG2022,189/12: 0:13-421,159,22859-43278-421-8,10,10,0,1244,1596,1694,1891,1642,1736,1571,1706,1650,1276,143
02AUG2022,19/ 5: 3:23-217,618,22859-18234-217-4,8,8,0,1261,1582,1806,1849,339,362,1908,1205,,,144
02AUG2022,19/ 6:31: 6-217,683,22859-23424-217-3,8,8,0,1261,1582,1806,1849,339,362,1908,1205,,,145
02AUG2022,191/10:31:24-213,88,22859-38022-213-4,8,8,0,1259,1808,1572,1900,1518,1766,1905,1235,,,146
02AUG2022,191/12: 0:12-213,158,22859-43224-213-3,8,8,0,1259,1808,1572,1900,1518,1766,1905,1235,,,147
02AUG2022,195/10:39:35-423,95,22859-38544-423-7,10,10,0,1257,1634,1890,1637,306,334,1760,1902,1565,1218,148
02AUG2022,195/11:51:40-423,153,22859-42888-423-13,10,10,,,,,,,,,,,,149
02AUG2022,195/12: 4:54-423,164,22859-43764-423-14,10,10,,,,,,,,,,,,150
02AUG2022,195/12:14:41-423,171,22859-44178-423-8,10,10,0,1257,1634,1890,1637,306,334,1760,1902,1565,1218,151
02AUG2022,198/10:44:27-215,100,22859-38922-215-4,8,8,0,1219,1747,1704,1802,1857,1713,1709,1256,,,152
02AUG2022,198/12:13:27-215,170,22859-44124-215-3,8,8,0,1219,1747,1704,1802,1857,1713,1709,1256,,,153
02AUG2022,2/ 4:54:19-301,612,22859-17796-301-1,10,10,1,3056,4186,4096,4170,3107,3018,4094,4132,4015,3042,154
02AUG2022,2/ 6:25:52-301,679,22859-23214-301-2,10,10,1,3056,4186,4096,4170,3107,3018,4094,4132,4015,3042,155
02AUG2022,2/ 7:57: 5-301,756,22859-28800-301-1,10,10,1,3056,4186,4096,4170,3107,3018,4094,4132,4015,3042,156
02AUG2022,2/ 9:38: 5-301,843,22859-34914-301-2,10,10,1,3056,4186,4096,4170,3107,3018,4094,4132,4015,3042,157
02AUG2022,2/11:33: 6-303,133,22859-41400-303-1,10,10,1,3056,4186,4096,4170,3107,3018,4094,4132,4015,3042,158
02AUG2022,2/13:11: 1-303,214,22859-47514-303-2,10,10,1,3056,4186,4096,4170,3107,3018,4094,4132,4015,3042,159
02AUG2022,2/14:42: 9-303,289,22859-53100-303-1,10,10,1,3056,4186,4096,4170,3107,3018,4094,4132,4015,3042,160
02AUG2022,2/16:18: 2-303,370,22859-59214-303-2,10,10,1,3056,4186,4096,4170,3107,3018,4094,4132,4015,3042,161
02AUG2022,2/18: 3:47-303,444,22859-64800-303-1,10,10,1,3056,4186,4096,4170,3107,3018,4094,4132,4015,3042,162
02AUG2022,2/19:46:41-303,513,22859-70716-303-2,10,10,1,3056,4186,4096,4170,3107,3018,4094,4132,4015,3042,163
02AUG2022,20/ 0: 1:28-309,599,22859-86490-309-2,10,10,1,3087,4130,4143,4151,3078,3038,4075,4006,4035,3065,164
02AUG2022,20/ 1:51: 2-309,59,20/ 1:51: 2-309,,10,1,3087,4130,4143,4151,3078,3038,4075,4006,4035,3065,165
02AUG2022,20/ 5: 2: 3-307,7,20/ 5: 2: 3-307,,10,1,3087,4130,4143,4151,3078,3038,4075,4006,4035,3065,166
02AUG2022,20/ 5:29:26-307,638,22859-19800-307-1,10,10,1,3087,4130,4143,4151,3078,3038,4075,4006,4035,3065,167
02AUG2022,20/ 7: 3:24-307,716,22859-25914-307-2,10,10,1,3087,4130,4143,4151,3078,3038,4075,4006,4035,3065,168
02AUG2022,20/ 8:47:24-307,794,22859-31500-307-1,10,10,1,3087,4130,4143,4151,3078,3038,4075,4006,4035,3065,169
02AUG2022,20/10:31:24-307,82,22859-37614-307-2,10,10,1,3087,4130,4143,4151,3078,3038,4075,4006,4035,3065,170
02AUG2022,20/12: 2:13-307,157,22859-43200-307-1,10,10,1,3087,4130,4143,4151,3078,3038,4075,4006,4035,3065,171
02AUG2022,20/13:43:32-307,238,22859-49314-307-2,10,10,1,3087,4130,4143,4151,3078,3038,4075,4006,4035,3065,172
02AUG2022,20/15:16:22-307,313,22859-54900-307-1,10,10,1,3087,4130,4143,4151,3078,3038,4075,4006,4035,3065,173
02AUG2022,20/16:45: 5-307,394,22859-61014-307-2,10,10,1,3087,4130,4143,4151,3078,3038,4075,4006,4035,3065,174
02AUG2022,20/18:28:55-307,467,22859-66600-307-1,10,10,1,3087,4130,4143,4151,3078,3038,4075,4006,4035,3065,175
02AUG2022,20/20: 1:49-307,531,22859-72624-307-2,10,10,1,3087,4130,4143,4151,3078,3038,4075,4006,4035,3065,176
02AUG2022,20/21:51:30-309,568,22859-79566-309-1,10,10,1,3087,4130,4143,4151,3078,3038,4075,4006,4035,3065,177
02AUG2022,20/23:37:14-309,593,22859-85032-309-14,10,10,1,3087,4130,4143,4151,3078,3038,4075,4006,4035,3065,178
02AUG2022,20/23:43:28-309,597,22859-86046-309-13,10,10,1,3087,4130,4143,4151,3078,3038,4075,4006,4035,3065,179
02AUG2022,201/10:56:11-401,107,22859-39444-401-7,10,10,0,1260,1534,1883,1836,1591,1691,1633,1804,1621,350,180
02AUG2022,201/12: 9:21-401,165,22859-43788-401-13,10,10,,,,,,,,,,,,181
02AUG2022,201/12:15:34-401,176,22859-44664-401-14,10,10,,,,,,,,,,,,182
02AUG2022,201/12:29:39-401,183,22859-45078-401-8,10,10,,,,,,,,,,,,183
02AUG2022,203/11: 4:14-217,112,22859-39822-217-4,8,8,0,1261,1582,1806,1849,339,362,1908,1205,,,184
02AUG2022,203/12:28:60-217,182,22859-45024-217-3,8,8,0,1261,1582,1806,1849,339,362,1908,1205,,,185
02AUG2022,205/11:11:34-403,119,22859-40344-403-7,10,10,1,3098,4121,4041,4129,3112,3057,4193,4191,4123,3124,186
02AUG2022,205/12:24:50-403,177,22859-44688-403-13,10,10,,,,,,,,,,,,187
02AUG2022,205/12:31:18-403,188,22859-45564-403-14,10,10,,,,,,,,,,,,188
02AUG2022,205/12:45:27-403,195,22859-45978-403-8,10,10,1,3098,4121,4041,4129,3112,3057,4193,4191,4123,3124,189
02AUG2022,206/ 0:30:45-301,56,206/ 0:30:45-301,,10,0,1249,1632,1589,1813,1660,1717,1772,1742,1837,352,190
02AUG2022,206/11:11:55-301,121,22859-40500-301-1,10,10,0,1249,1632,1589,1813,1660,1717,1772,1742,1837,352,191
02AUG2022,206/12:48:12-301,202,22859-46614-301-2,10,10,0,1249,1632,1589,1813,1660,1717,1772,1742,1837,352,192
02AUG2022,206/14:29:11-301,277,22859-52200-301-1,10,10,0,1249,1632,1589,1813,1660,1717,1772,1742,1837,352,193
02AUG2022,206/16: 1:54-301,358,22859-58314-301-2,10,10,0,1249,1632,1589,1813,1660,1717,1772,1742,1837,352,194
02AUG2022,206/17:51:28-301,433,22859-63900-301-1,10,10,0,1249,1632,1589,1813,1660,1717,1772,1742,1837,352,195
02AUG2022,206/19:19:13-301,505,22859-70014-301-2,10,10,0,1249,1632,1589,1813,1660,1717,1772,1742,1837,352,196
02AUG2022,206/21: 3:14-301,550,22859-75960-301-1,10,10,0,1249,1632,1589,1813,1660,1717,1772,1742,1837,352,197
02AUG2022,206/22:34:41-301,577,22859-81426-301-14,10,10,0,1249,1632,1589,1813,1660,1717,1772,1742,1837,352,198
02AUG2022,206/22:41:24-301,581,22859-82440-301-13,10,10,0,1249,1632,1589,1813,1660,1717,1772,1742,1837,352,199
02AUG2022,206/22:58:48-301,583,22859-82884-301-2,10,10,0,1249,1632,1589,1813,1660,1717,1772,1742,1837,352,200
02AUG2022,207/11:16:55-219,124,22859-40722-219-4,8,8,1,3074,4106,4112,3075,3029,4188,4072,3012,,,201
02AUG2022,207/12:43:37-219,194,22859-45924-219-3,8,8,1,3074,4106,4112,3075,3029,4188,4072,3012,,,202
02AUG2022,208/11:24: 5-405,131,22859-41244-405-7,10,10,1,3101,4131,4154,4008,3014,3097,4045,4069,4128,3153,203
02AUG2022,208/12:37:50-405,189,22859-45588-405-13,10,10,,,,,,,,,,,,204
02AUG2022,208/12:46:12-405,200,22859-46464-405-14,10,10,,,,,,,,,,,,205
02AUG2022,208/12:59:51-405,207,22859-46878-405-8,10,10,1,3101,4131,4154,4008,3014,3097,4045,4069,4128,3153,206
02AUG2022,210/11:28:31-221,136,22859-41622-221-4,8,8,0,1206,1528,1655,1693,1580,1705,1749,1250,,,207
02AUG2022,210/12:58:32-221,206,22859-46824-221-3,8,8,0,1206,1528,1655,1693,1580,1705,1749,1250,,,208
02AUG2022,212/11:41:45-407,143,22859-42144-407-7,10,10,1,3031,4136,4012,4044,4113,4203,4078,4117,4076,3152,209
02AUG2022,212/12:52:52-407,201,22859-46488-407-13,10,10,,,,,,,,,,,,210
02AUG2022,212/13:10:59-407,212,22859-47364-407-14,10,10,,,,,,,,,,,,211
02AUG2022,212/13:16:15-407,219,22859-47778-407-8,10,10,1,3031,4136,4012,4044,4113,4203,4078,4117,4076,3152,212
02AUG2022,215/11:45:57-225,148,22859-42522-225-4,8,8,1,3091,4111,4119,4226,4020,4229,4092,3069,,,213
02AUG2022,215/13:15:21-225,218,22859-47724-225-3,8,8,1,3091,4111,4119,4226,4020,4229,4092,3069,,,214
02AUG2022,22/ 5: 6:10-315,623,22859-18636-315-2,10,10,0,1228,1838,1649,1546,1822,1561,1702,1752,1636,314,215
02AUG2022,22/ 6:26:42-315,682,22859-23400-315-1,10,10,0,1228,1838,1649,1546,1822,1561,1702,1752,1636,314,216
02AUG2022,22/ 8:10:31-315,765,22859-29514-315-2,10,10,0,1228,1838,1649,1546,1822,1561,1702,1752,1636,314,217
02AUG2022,22/ 9:42: 6-315,847,22859-35100-315-1,10,10,0,1228,1838,1649,1546,1822,1561,1702,1752,1636,314,218
02AUG2022,22/11:15:45-315,130,22859-41214-315-2,10,10,0,1228,1838,1649,1546,1822,1561,1702,1752,1636,314,219
02AUG2022,22/12:58:35-315,205,22859-46800-315-1,10,10,0,1228,1838,1649,1546,1822,1561,1702,1752,1636,314,220
02AUG2022,22/14:31:23-315,286,22859-52914-315-2,10,10,0,1228,1838,1649,1546,1822,1561,1702,1752,1636,314,221
02AUG2022,22/16:12:31-315,361,22859-58500-315-1,10,10,0,1228,1838,1649,1546,1822,1561,1702,1752,1636,314,222
02AUG2022,22/17:44:59-315,441,22859-64614-315-2,10,10,0,1228,1838,1649,1546,1822,1561,1702,1752,1636,314,223
02AUG2022,22/19:28:57-315,509,22859-70200-315-1,10,10,0,1228,1838,1649,1546,1822,1561,1702,1752,1636,314,224
02AUG2022,22/21: 1: 9-315,548,22859-75648-315-14,10,10,0,1228,1838,1649,1546,1822,1561,1702,1752,1636,314,225
02AUG2022,222/11:53:47-409,155,22859-43044-409-7,10,10,1,3108,4208,4212,4142,4225,4167,4150,4183,4036,3090,226
02AUG2022,222/13: 9:51-409,213,22859-47388-409-13,10,10,,,,,,,,,,,,227
02AUG2022,222/13:16:29-409,224,22859-48264-409-14,10,10,1,3108,4208,4212,4142,4225,4167,4150,4183,4036,3090,228
02AUG2022,222/13:30:31-409,231,22859-48678-409-8,10,10,1,3108,4208,4212,4142,4225,4167,4150,4183,4036,3090,229
02AUG2022,223/11:58:49-201,160,22859-43422-201-4,8,8,0,417,421,1685,1616,329,327,1825,388,,,230
02AUG2022,223/13:30:22-201,230,22859-48624-201-3,8,8,0,417,421,1685,1616,329,327,1825,388,,,231
02AUG2022,224/12: 5:35-411,167,22859-43944-411-7,10,10,1,3016,4158,4182,4155,4127,3051,4217,4149,4107,3106,232
02AUG2022,224/13:24:50-411,225,22859-48288-411-13,10,10,,,,,,,,,,,,233
02AUG2022,224/13:33:55-411,236,22859-49164-411-14,10,10,,,,,,,,,,,,234
02AUG2022,224/13:47:26-411,243,22859-49578-411-8,10,10,,,,,,,,,,,,235
02AUG2022,225/12:13:23-203,172,22859-44322-203-4,8,8,0,400,1841,1698,1740,1556,1756,1610,1230,,,236
02AUG2022,225/13:45:33-203,242,22859-49524-203-3,8,8,0,400,1841,1698,1740,1556,1756,1610,1230,,,237
02AUG2022,22859-24378-403-8,697,22859-24378-403-8,10,,,,,,,,,,,,,238
02AUG2022,22859-25944-419-7,718,22859-25944-419-7,10,,,,,,,,,,,,,239
02AUG2022,22859-30252-109-5,775,22859-30252-109-5,10,,,,,,,,,,,,,240
02AUG2022,22859-31152-111-5,788,22859-31152-111-5,10,,,,,,,,,,,,,241
02AUG2022,22859-31902-511-11,799,22859-31902-511-11,10,,,,,,,,,,,,,242
02AUG2022,22859-32244-409-7,806,22859-32244-409-7,10,,,,,,,,,,,,,243
02AUG2022,22859-32802-513-11,813,22859-32802-513-11,10,,,,,,,,,,,,,244
02AUG2022,22859-34686-107-6,839,22859-34686-107-6,10,,,,,,,,,,,,,245
02AUG2022,22859-34986-509-12,846,22859-34986-509-12,10,,,,,,,,,,,,,246
02AUG2022,22859-35586-109-6,853,22859-35586-109-6,10,,,,,,,,,,,,,247
02AUG2022,22859-35886-511-12,860,22859-35886-511-12,10,,,,,,,,,,,,,248
02AUG2022,22859-36588-409-13,69,22859-36588-409-13,10,,,,,,,,,,,,,249
02AUG2022,22859-37464-409-14,80,22859-37464-409-14,10,,,,,,,,,,,,,250
02AUG2022,22859-37488-411-13,81,22859-37488-411-13,10,,,,,,,,,,,,,251
02AUG2022,22859-37878-409-8,87,22859-37878-409-8,10,,,,,,,,,,,,,252
02AUG2022,22859-38364-411-14,92,22859-38364-411-14,10,,,,,,,,,,,,,253
02AUG2022,22859-48252-101-5,223,22859-48252-101-5,10,,,,,,,,,,,,,254
02AUG2022,22859-49500-321-1,241,22859-49500-321-1,10,,,,,,,,,,,,,255
02AUG2022,22859-50052-105-5,247,22859-50052-105-5,10,,,,,,,,,,,,,256
02AUG2022,22859-53586-101-6,294,22859-53586-101-6,10,,,,,,,,,,,,,257
02AUG2022,22859-54564-423-14,308,22859-54564-423-14,10,,,,,,,,,,,,,258
02AUG2022,22859-55386-105-6,318,22859-55386-105-6,10,,,,,,,,,,,,,259
02AUG2022,22859-55614-321-2,322,22859-55614-321-2,10,,,,,,,,,,,,,260
02AUG2022,22859-59052-101-5,367,22859-59052-101-5,10,,,,,,,,,,,,,261
02AUG2022,22859-60852-105-5,391,22859-60852-105-5,10,,,,,,,,,,,,,262
02AUG2022,22859-61200-321-1,397,22859-61200-321-1,10,,,,,,,,,,,,,263
02AUG2022,22859-64386-101-6,438,22859-64386-101-6,10,,,,,,,,,,,,,264
02AUG2022,22859-66186-105-6,460,22859-66186-105-6,10,,,,,,,,,,,,,265
02AUG2022,22859-67254-321-2,474,22859-67254-321-2,10,,,,,,,,,,,,,266
02AUG2022,22859-86832-313-14,600,22859-86832-313-14,10,,,,,,,,,,,,,267
02AUG2022,22859-90468-319-14,606,22859-90468-319-14,10,,,,,,,,,,,,,268
02AUG2022,229/12:25:58-413,179,22859-44844-413-7,10,10,0,1238,1678,1712,1611,1548,1558,1625,1718,1767,1253,269
02AUG2022,229/13:39:51-413,237,22859-49188-413-13,10,10,,,,,,,,,,,,270
02AUG2022,229/13:48:41-413,248,22859-50064-413-14,10,10,,,,,,,,,,,,271
02AUG2022,229/13:59:26-413,255,22859-50478-413-8,10,10,0,1238,1678,1712,1611,1548,1558,1625,1718,1767,1253,272
02AUG2022,23/ 5: 8:60-111,9,23/ 5: 8:60-111,,10,1,3136,4169,4089,4215,3005,3047,4046,4090,4205,3001,273
02AUG2022,23/ 5:29:54-111,643,22859-20352-111-5,10,10,1,3136,4169,4089,4215,3005,3047,4046,4090,4205,3001,274
02AUG2022,23/ 7: 4:44-111,712,22859-25686-111-6,10,10,1,3136,4169,4089,4215,3005,3047,4046,4090,4205,3001,275
02AUG2022,23/ 8:38:26-111,787,22859-31152-111-5,10,10,1,3136,4169,4089,4215,3005,3047,4046,4090,4205,3001,276
02AUG2022,23/10: 7:40-109,852,22859-35586-109-6,10,10,1,3001,4205,4090,4046,3047,3005,4215,4089,4169,3136,277
02AUG2022,23/11:19:11-109,127,22859-41052-109-5,10,10,1,3001,4205,4090,4046,3047,3005,4215,4089,4169,3136,278
02AUG2022,23/12:52:39-109,198,22859-46386-109-6,10,10,1,3001,4205,4090,4046,3047,3005,4215,4089,4169,3136,279
02AUG2022,23/14:24:38-109,271,22859-51852-109-5,10,10,1,3001,4205,4090,4046,3047,3005,4215,4089,4169,3136,280
02AUG2022,23/15:54:28-109,342,22859-57186-109-6,10,10,1,3001,4205,4090,4046,3047,3005,4215,4089,4169,3136,281
02AUG2022,23/17:21:15-109,415,22859-62652-109-5,10,10,1,3001,4205,4090,4046,3047,3005,4215,4089,4169,3136,282
02AUG2022,23/18:50:20-109,482,22859-67956-109-6,10,10,1,3001,4205,4090,4046,3047,3005,4215,4089,4169,3136,283
02AUG2022,23/20:23: 8-109,47,23/20:23: 8-109,,10,1,3001,4205,4090,4046,3047,3005,4215,4089,4169,3136,284
02AUG2022,230/12:33:38-205,184,22859-45222-205-4,8,8,0,1210,1885,1520,1748,1754,1670,1882,1220,,,285
02AUG2022,230/14: 0:22-205,254,22859-50424-205-3,8,8,0,1210,1885,1520,1748,1754,1670,1882,1220,,,286
02AUG2022,233/12:38:59-415,191,22859-45744-415-7,10,10,0,1266,1522,1721,1684,1510,1525,1619,311,1845,1255,287
02AUG2022,233/13:53:54-415,249,22859-50088-415-13,10,10,,,,,,,,,,,,288
02AUG2022,233/14: 3:17-415,260,22859-50964-415-14,10,10,,,,,,,,,,,,289
02AUG2022,233/14:14:39-415,267,22859-51378-415-8,10,10,0,1266,1522,1721,1684,1510,1525,1619,311,1845,1255,290
02AUG2022,235/12:46:37-207,196,22859-46122-207-4,8,8,0,1226,1722,1631,1595,1824,1506,1554,1164,,,291
02AUG2022,235/14:17:35-207,266,22859-51324-207-3,8,8,0,1226,1722,1631,1595,1824,1506,1554,1164,,,292
02AUG2022,237/12:54:48-417,203,22859-46644-417-7,10,10,0,1258,1903,1505,1823,1639,1623,1675,1874,1715,1232,293
02AUG2022,237/14: 7:14-417,261,22859-50988-417-13,10,10,,,,,,,,,,,,294
02AUG2022,237/14:19:24-417,272,22859-51864-417-14,10,10,,,,,,,,,,,,295
02AUG2022,237/14:29:41-417,279,22859-52278-417-8,10,10,0,1258,1903,1505,1823,1639,1623,1675,1874,1715,1232,296
02AUG2022,238/12:59: 6-975,27,238/12:59: 6-975,,9,1,3049,4032,4027,4108,4139,4174,4071,4156,3039,,297
02AUG2022,239/12:58:47-209,208,22859-47022-209-4,8,8,1,3055,4084,3076,4003,4023,4125,4049,3096,,,298
02AUG2022,239/14:31:32-209,278,22859-52224-209-3,8,8,1,3055,4084,3076,4003,4023,4125,4049,3096,,,299
02AUG2022,24/ 5: 5:20-319,631,22859-19170-319-13,10,10,1,3114,4214,4166,4025,3061,3043,4060,4002,4146,3079,300
02AUG2022,24/ 5:25:15-319,634,22859-19614-319-2,10,10,1,3114,4214,4166,4025,3061,3043,4060,4002,4146,3079,301
02AUG2022,24/ 7: 1:47-319,707,22859-25200-319-1,10,10,1,3114,4214,4166,4025,3061,3043,4060,4002,4146,3079,302
02AUG2022,24/ 8:40: 9-319,791,22859-31314-319-2,10,10,1,3114,4214,4166,4025,3061,3043,4060,4002,4146,3079,303
02AUG2022,24/10:14: 9-319,73,22859-36900-319-1,10,10,1,3114,4214,4166,4025,3061,3043,4060,4002,4146,3079,304
02AUG2022,24/11:49:59-319,154,22859-43014-319-2,10,10,1,3114,4214,4166,4025,3061,3043,4060,4002,4146,3079,305
02AUG2022,24/13:27:18-719,29,24/13:27:18-719,,10,1,3114,4214,4166,4025,3061,3043,4060,4002,4146,3079,306
02AUG2022,241/13: 9:46-419,215,22859-47544-419-7,10,10,1,3085,4213,4074,4098,4104,4223,4122,4190,4097,3032,307
02AUG2022,241/14:24:50-419,273,22859-51888-419-13,10,10,,,,,,,,,,,,308
02AUG2022,241/14:31:20-419,284,22859-52764-419-14,10,10,,,,,,,,,,,,309
02AUG2022,241/14:46:16-419,291,22859-53178-419-8,10,10,1,3085,4213,4074,4098,4104,4223,4122,4190,4097,3032,310
02AUG2022,248/13:15:52-211,220,22859-47922-211-4,8,8,0,1241,1688,1515,1541,1843,1612,1877,1195,,,311
02AUG2022,248/14:45:22-211,290,22859-53124-211-3,8,8,0,1241,1688,1515,1541,1843,1612,1877,1195,,,312
02AUG2022,252/13:23:42-421,227,22859-48444-421-7,10,10,0,1244,1596,1694,1891,1642,1736,1571,1706,1650,1276,313
02AUG2022,252/14:39:51-421,285,22859-52788-421-13,10,10,0,1244,1596,1694,1891,1642,1736,1571,1706,1650,1276,314
02AUG2022,252/14:46:43-421,296,22859-53664-421-14,10,10,0,1244,1596,1694,1891,1642,1736,1571,1706,1650,1276,315
02AUG2022,252/14:59:18-421,303,22859-54078-421-8,10,10,0,1244,1596,1694,1891,1642,1736,1571,1706,1650,1276,316
02AUG2022,257/13:31:36-213,232,22859-48822-213-4,8,8,0,1259,1808,1572,1900,1518,1766,1905,1235,,,317
02AUG2022,257/15: 0:20-213,302,22859-54024-213-3,8,8,0,1259,1808,1572,1900,1518,1766,1905,1235,,,318
02AUG2022,258/13:41: 6-423,239,22859-49344-423-7,10,10,0,1257,1634,1890,1637,306,334,1760,1902,1565,1218,319
02AUG2022,258/14:52:11-423,297,22859-53688-423-13,10,10,0,1257,1634,1890,1637,306,334,1760,1902,1565,1218,320
02AUG2022,258/15:15:48-423,315,22859-54978-423-8,10,10,0,1257,1634,1890,1637,306,334,1760,1902,1565,1218,321
02AUG2022,261/13:35:45-319,229,22859-48600-319-1,10,10,1,3053,4053,4079,4171,3068,3036,4011,4173,4088,3006,322
02AUG2022,261/15: 3: 7-319,310,22859-54714-319-2,10,10,1,3053,4053,4079,4171,3068,3036,4011,4173,4088,3006,323
02AUG2022,261/16:46:33-719,36,261/16:46:33-719,,10,1,3053,4053,4079,4171,3068,3036,4011,4173,4088,3006,324
02AUG2022,263/13:46:23-215,244,22859-49722-215-4,8,8,0,1219,1747,1704,1802,1857,1713,1709,1256,,,325
02AUG2022,263/15:14: 6-215,314,22859-54924-215-3,8,8,0,1219,1747,1704,1802,1857,1713,1709,1256,,,326
02AUG2022,264/13:58:20-960,32,264/13:58:20-960,,10,0,1248,1645,1851,1701,1658,1575,1710,1703,1601,1247,327
02AUG2022,264/14:29:12-960,34,264/14:29:12-960,,10,0,1248,1645,1851,1701,1658,1575,1710,1703,1601,1247,328
02AUG2022,265/13:50:29-401,251,22859-50244-401-7,10,10,0,1260,1534,1883,1836,1591,1691,1633,1804,1621,350,329
02AUG2022,265/15: 8:20-401,309,22859-54588-401-13,10,10,0,1260,1534,1883,1836,1591,1691,1633,1804,1621,350,330
02AUG2022,265/15:24: 8-401,320,22859-55464-401-14,10,10,0,1260,1534,1883,1836,1591,1691,1633,1804,1621,350,331
02AUG2022,265/15:29:37-401,327,22859-55878-401-8,10,10,0,1260,1534,1883,1836,1591,1691,1633,1804,1621,350,332
02AUG2022,266/14: 1:31-217,256,22859-50622-217-4,8,8,0,1261,1582,1806,1849,339,362,1908,1205,,,333
02AUG2022,266/15:30: 8-217,326,22859-55824-217-3,8,8,0,1261,1582,1806,1849,339,362,1908,1205,,,334
02AUG2022,268/14:10:38-403,263,22859-51144-403-7,10,10,1,3098,4121,4041,4129,3112,3057,4193,4191,4123,3124,335
02AUG2022,268/15:24:18-403,321,22859-55488-403-13,10,10,1,3098,4121,4041,4129,3112,3057,4193,4191,4123,3124,336
02AUG2022,268/15:32:14-403,332,22859-56364-403-14,10,10,1,3098,4121,4041,4129,3112,3057,4193,4191,4123,3124,337
02AUG2022,268/15:44:49-403,339,22859-56778-403-8,10,10,1,3098,4121,4041,4129,3112,3057,4193,4191,4123,3124,338
02AUG2022,269/14:20: 1-975,33,269/14:20: 1-975,,8,1,3049,4032,4027,4108,4139,4174,4071,3039,,,339
02AUG2022,27/ 5:24:40-503,632,22859-19302-503-11,10,10,1,3083,4199,4120,4189,3103,3027,4164,4068,4080,3099,340
02AUG2022,27/ 6:30:15-503,681,22859-23286-503-12,10,10,1,3083,4199,4120,4189,3103,3027,4164,4068,4080,3099,341
02AUG2022,27/ 7:46:14-503,748,22859-28302-503-11,10,10,1,3083,4199,4120,4189,3103,3027,4164,4068,4080,3099,342
02AUG2022,27/ 9: 2:60-503,807,22859-32286-503-12,10,10,1,3083,4199,4120,4189,3103,3027,4164,4068,4080,3099,343
02AUG2022,27/10:17:38-503,77,22859-37302-503-11,10,10,1,3083,4199,4120,4189,3103,3027,4164,4068,4080,3099,344
02AUG2022,27/11:28:18-503,132,22859-41286-503-12,10,10,1,3083,4199,4120,4189,3103,3027,4164,4068,4080,3099,345
02AUG2022,27/12:45:22-503,197,22859-46302-503-11,10,10,1,3083,4199,4120,4189,3103,3027,4164,4068,4080,3099,346
02AUG2022,27/13:57:10-503,252,22859-50286-503-12,10,10,1,3083,4199,4120,4189,3103,3027,4164,4068,4080,3099,347
02AUG2022,270/14:14:47-219,268,22859-51522-219-4,8,8,1,3074,4106,4112,3075,3029,4188,4072,3012,,,348
02AUG2022,270/15:42:57-219,338,22859-56724-219-3,8,8,1,3074,4106,4112,3075,3029,4188,4072,3012,,,349
02AUG2022,273/14:25:37-405,275,22859-52044-405-7,10,10,1,3101,4131,4154,4008,3014,3097,4045,4069,4128,3153,350
02AUG2022,273/15:38: 3-405,333,22859-56388-405-13,10,10,1,3101,4131,4154,4008,3014,3097,4045,4069,4128,3153,351
02AUG2022,273/15:45:30-405,344,22859-57264-405-14,10,10,,,,,,,,,,,,352
02AUG2022,273/15:58:38-405,351,22859-57678-405-8,10,10,1,3101,4131,4154,4008,3014,3097,4045,4069,4128,3153,353
02AUG2022,274/14:29: 4-221,280,22859-52422-221-4,8,8,0,1206,1528,1655,1693,1580,1705,1749,1250,,,354
02AUG2022,274/15:59:43-221,350,22859-57624-221-3,8,8,0,1206,1528,1655,1693,1580,1705,1749,1250,,,355
02AUG2022,276/14:40:12-407,287,22859-52944-407-7,10,10,1,3031,4136,4012,4044,4113,4203,4078,4117,4076,3152,356
02AUG2022,276/15:54:49-407,345,22859-57288-407-13,10,10,1,3031,4136,4012,4044,4113,4203,4078,4117,4076,3152,357
02AUG2022,276/15:59:21-407,356,22859-58164-407-14,10,10,,,,,,,,,,,,358
02AUG2022,276/16:14:17-407,363,22859-58578-407-8,10,10,1,3031,4136,4012,4044,4113,4203,4078,4117,4076,3152,359
02AUG2022,277/14:44:16-225,292,22859-53322-225-4,8,8,1,3091,4111,4119,4226,4020,4229,4092,3069,,,360
02AUG2022,277/16:12:58-225,362,22859-58524-225-3,8,8,1,3091,4111,4119,4226,4020,4229,4092,3069,,,361
02AUG2022,278/14:55:12-409,299,22859-53844-409-7,10,10,1,3108,4208,4212,4142,4225,4167,4150,4183,4036,3090,362
02AUG2022,278/16: 6: 1-409,357,22859-58188-409-13,10,10,1,3108,4208,4212,4142,4225,4167,4150,4183,4036,3090,363
02AUG2022,278/16:14:18-409,368,22859-59064-409-14,10,10,,,,,,,,,,,,364
02AUG2022,278/16:29: 3-409,375,22859-59478-409-8,10,10,1,3108,4208,4212,4142,4225,4167,4150,4183,4036,3090,365
02AUG2022,28/ 5: 8:47-403,625,22859-18744-403-7,10,10,1,3085,4213,4074,4098,4104,4223,4122,4190,4097,3032,366
02AUG2022,28/ 6:32:56-403,678,22859-23088-403-13,10,10,1,3085,4213,4074,4098,4104,4223,4122,4190,4097,3032,367
02AUG2022,28/ 6:39: 8-403,689,22859-23964-403-14,10,10,1,3085,4213,4074,4098,4104,4223,4122,4190,4097,3032,368
02AUG2022,28/ 6:45: 7-403,696,22859-24378-403-8,10,10,1,3085,4213,4074,4098,4104,4223,4122,4190,4097,3032,369
02AUG2022,281/15: 3:60-201,304,22859-54222-201-4,8,8,0,417,421,1685,1616,329,327,1825,388,,,370
02AUG2022,281/16:30:22-201,374,22859-59424-201-3,8,8,0,417,421,1685,1616,329,327,1825,388,,,371
02AUG2022,284/15:16:29-503,317,22859-55302-503-11,10,10,1,3083,4199,4120,4189,3103,3027,4164,4068,4080,3099,372
02AUG2022,284/16:26:13-503,372,22859-59286-503-12,10,10,1,3083,4199,4120,4189,3103,3027,4164,4068,4080,3099,373
02AUG2022,284/17:49:23-503,437,22859-64302-503-11,10,10,1,3083,4199,4120,4189,3103,3027,4164,4068,4080,3099,374
02AUG2022,284/18:57:56-503,487,22859-68286-503-12,10,10,1,3083,4199,4120,4189,3103,3027,4164,4068,4080,3099,375
02AUG2022,285/15: 7:35-411,311,22859-54744-411-7,10,10,1,3016,4158,4182,4155,4127,3051,4217,4149,4107,3106,376
02AUG2022,285/16:21:28-411,369,22859-59088-411-13,10,10,1,3016,4158,4182,4155,4127,3051,4217,4149,4107,3106,377
02AUG2022,285/16:31:21-411,380,22859-59964-411-14,10,10,1,3016,4158,4182,4155,4127,3051,4217,4149,4107,3106,378
02AUG2022,285/16:42:18-411,387,22859-60378-411-8,10,10,1,3016,4158,4182,4155,4127,3051,4217,4149,4107,3106,379
02AUG2022,288/15:16:49-203,316,22859-55122-203-4,8,8,0,400,1841,1698,1740,1556,1756,1610,1230,,,380
02AUG2022,288/16:45:41-203,386,22859-60324-203-3,8,8,0,400,1841,1698,1740,1556,1756,1610,1230,,,381
02AUG2022,294/15:25:50-413,323,22859-55644-413-7,10,10,0,1238,1678,1712,1611,1548,1558,1625,1718,1767,1253,382
02AUG2022,294/16:36:50-413,381,22859-59988-413-13,10,10,0,1238,1678,1712,1611,1548,1558,1625,1718,1767,1253,383
02AUG2022,294/16:42:44-413,392,22859-60864-413-14,10,10,,,,,,,,,,,,384
02AUG2022,294/16:58:29-413,399,22859-61278-413-8,10,10,0,1238,1678,1712,1611,1548,1558,1625,1718,1767,1253,385
02AUG2022,3/ 4:51:31-109,610,22859-17742-109-6,10,10,0,385,1829,1881,1597,1875,1586,1543,1604,1600,1223,386
02AUG2022,3/ 5:19:14-109,633,22859-19452-109-5,10,10,0,385,1829,1881,1597,1875,1586,1543,1604,1600,1223,387
02AUG2022,3/ 6:51:33-109,700,22859-24786-109-6,10,10,0,385,1829,1881,1597,1875,1586,1543,1604,1600,1223,388
02AUG2022,3/ 8:24: 8-109,774,22859-30252-109-5,10,10,0,385,1829,1881,1597,1875,1586,1543,1604,1600,1223,389
02AUG2022,3/ 9:47:38-107,838,22859-34686-107-6,10,10,0,1223,1600,1604,1543,1586,1875,1597,1881,1829,385,390
02AUG2022,3/11: 2:18-107,115,22859-40152-107-5,10,10,0,1223,1600,1604,1543,1586,1875,1597,1881,1829,385,391
02AUG2022,3/12:33:26-107,186,22859-45486-107-6,10,10,0,1223,1600,1604,1543,1586,1875,1597,1881,1829,385,392
02AUG2022,3/14: 3:17-107,259,22859-50952-107-5,10,10,0,1223,1600,1604,1543,1586,1875,1597,1881,1829,385,393
02AUG2022,3/15:37:55-107,330,22859-56286-107-6,10,10,0,1223,1600,1604,1543,1586,1875,1597,1881,1829,385,394
02AUG2022,3/17: 9: 9-107,403,22859-61752-107-5,10,10,0,1223,1600,1604,1543,1586,1875,1597,1881,1829,385,395
02AUG2022,3/18:35: 1-107,471,22859-67086-107-6,10,10,0,1223,1600,1604,1543,1586,1875,1597,1881,1829,385,396
02AUG2022,3/20: 9:28-107,46,3/20: 9:28-107,,10,0,1223,1600,1604,1543,1586,1875,1597,1881,1829,385,397
02AUG2022,30/ 5:11:28-513,627,22859-18786-513-12,10,10,0,348,1564,1759,1526,1563,1889,1667,1834,1730,367,398
02AUG2022,30/ 6:29:54-513,686,22859-23802-513-11,10,10,0,348,1564,1759,1526,1563,1889,1667,1834,1730,367,399
02AUG2022,30/ 7:45: 1-513,743,22859-27786-513-12,10,10,0,348,1564,1759,1526,1563,1889,1667,1834,1730,367,400
02AUG2022,30/ 9: 1:34-513,812,22859-32802-513-11,10,10,0,348,1564,1759,1526,1563,1889,1667,1834,1730,367,401
02AUG2022,30/10:16:51-511,859,22859-35886-511-12,10,10,0,367,1730,1834,1667,1889,1563,1526,1759,1564,348,402
02AUG2022,30/11:16:31-511,125,22859-40902-511-11,10,10,0,367,1730,1834,1667,1889,1563,1526,1759,1564,348,403
02AUG2022,30/12:28: 4-511,180,22859-44886-511-12,10,10,0,367,1730,1834,1667,1889,1563,1526,1759,1564,348,404
02AUG2022,30/13:42:51-511,245,22859-49902-511-11,10,10,0,367,1730,1834,1667,1889,1563,1526,1759,1564,348,405
02AUG2022,30/14:59:37-511,300,22859-53886-511-12,10,10,0,367,1730,1834,1667,1889,1563,1526,1759,1564,348,406
02AUG2022,30/16:19:39-511,365,22859-58902-511-11,10,10,0,367,1730,1834,1667,1889,1563,1526,1759,1564,348,407
02AUG2022,302/15:33: 4-205,328,22859-56022-205-4,8,8,0,1210,1885,1520,1748,1754,1670,1882,1220,,,408
02AUG2022,302/17: 1:25-205,398,22859-61224-205-3,8,8,0,1210,1885,1520,1748,1754,1670,1882,1220,,,409
02AUG2022,306/15:38: 6-415,335,22859-56544-415-7,10,10,0,1266,1522,1721,1684,1510,1525,1619,311,1845,1255,410
02AUG2022,306/16:51: 9-415,393,22859-60888-415-13,10,10,0,1266,1522,1721,1684,1510,1525,1619,311,1845,1255,411
02AUG2022,306/17: 0:46-415,404,22859-61764-415-14,10,10,0,1266,1522,1721,1684,1510,1525,1619,311,1845,1255,412
02AUG2022,306/17:13:35-415,411,22859-62178-415-8,10,10,0,1266,1522,1721,1684,1510,1525,1619,311,1845,1255,413
02AUG2022,31/ 5:14:54-113,10,31/ 5:14:54-113,,10,1,3008,4077,4021,4209,4091,4222,4063,4007,4037,3033,414
02AUG2022,31/ 5:42: 0-113,654,22859-21252-113-5,10,10,1,3008,4077,4021,4209,4091,4222,4063,4007,4037,3033,415
02AUG2022,31/ 7:22:40-113,725,22859-26586-113-6,10,10,1,3008,4077,4021,4209,4091,4222,4063,4007,4037,3033,416
02AUG2022,31/ 8:54: 8-113,801,22859-32052-113-5,10,10,1,3008,4077,4021,4209,4091,4222,4063,4007,4037,3033,417
02AUG2022,31/10:29:51-113,78,22859-37386-113-6,10,10,1,3008,4077,4021,4209,4091,4222,4063,4007,4037,3033,418
02AUG2022,31/12: 1:59-113,151,22859-42852-113-5,10,10,1,3008,4077,4021,4209,4091,4222,4063,4007,4037,3033,419
02AUG2022,31/13:29:17-113,222,22859-48186-113-6,10,10,1,3008,4077,4021,4209,4091,4222,4063,4007,4037,3033,420
02AUG2022,31/14:54:43-113,295,22859-53652-113-5,10,10,1,3008,4077,4021,4209,4091,4222,4063,4007,4037,3033,421
02AUG2022,31/16:19:23-113,366,22859-58986-113-6,10,10,1,3008,4077,4021,4209,4091,4222,4063,4007,4037,3033,422
02AUG2022,310/15:46:57-207,340,22859-56922-207-4,8,8,0,1248,1851,1701,1658,1575,1710,1703,1270,,,423
02AUG2022,310/17:16:12-207,410,22859-62124-207-3,8,8,0,1248,1851,1701,1658,1575,1710,1703,1270,,,424
02AUG2022,311/ 1:38:46-319,58,311/ 1:38:46-319,,10,1,3143,4029,4152,4040,3072,3130,4052,4016,4133,3017,425
02AUG2022,311/15:50:18-918,35,311/15:50:18-918,,10,1,3143,4029,4152,4040,3072,3130,4052,4016,4133,3017,426
02AUG2022,311/16:40:59-319,385,22859-60300-319-1,10,10,1,3143,4029,4152,4040,3072,3130,4052,4016,4133,3017,427
02AUG2022,311/18:18:42-319,463,22859-66414-319-2,10,10,1,3143,4029,4152,4040,3072,3130,4052,4016,4133,3017,428
02AUG2022,311/19:56:52-319,529,22859-72396-319-1,10,10,1,3143,4029,4152,4040,3072,3130,4052,4016,4133,3017,429
02AUG2022,311/21:36:42-319,560,22859-77862-319-14,10,10,1,3143,4029,4152,4040,3072,3130,4052,4016,4133,3017,430
02AUG2022,311/21:42:33-319,564,22859-78840-319-13,10,10,1,3143,4029,4152,4040,3072,3130,4052,4016,4133,3017,431
02AUG2022,311/21:58:53-319,566,22859-79284-319-2,10,10,1,3143,4029,4152,4040,3072,3130,4052,4016,4133,3017,432
02AUG2022,311/23:45:41-319,592,22859-85002-319-1,10,10,1,3143,4029,4152,4040,3072,3130,4052,4016,4133,3017,433
02AUG2022,313/15:54:43-417,347,22859-57444-417-7,10,10,0,1258,1903,1505,1823,1639,1623,1675,1874,1715,1232,434
02AUG2022,313/17: 7:32-417,405,22859-61788-417-13,10,10,0,1258,1903,1505,1823,1639,1623,1675,1874,1715,1232,435
02AUG2022,313/17:15:21-417,416,22859-62664-417-14,10,10,,,,,,,,,,,,436
02AUG2022,313/17:28:29-417,423,22859-63078-417-8,10,10,0,1258,1903,1505,1823,1639,1623,1675,1874,1715,1232,437
02AUG2022,314/16: 1:47-209,352,22859-57822-209-4,8,8,1,3055,4084,3076,4003,4023,4125,4049,3096,,,438
02AUG2022,314/17:29:40-209,422,22859-63024-209-3,8,8,1,3055,4084,3076,4003,4023,4125,4049,3096,,,439
02AUG2022,317/16: 9: 3-419,359,22859-58344-419-7,10,10,1,3085,4213,4074,4098,4104,4223,4122,4190,4097,3032,440
02AUG2022,317/17:21:36-419,417,22859-62688-419-13,10,10,1,3085,4213,4074,4098,4104,4223,4122,4190,4097,3032,441
02AUG2022,317/17:29:57-419,428,22859-63564-419-14,10,10,,,,,,,,,,,,442
02AUG2022,317/17:44:21-419,435,22859-63978-419-8,10,10,1,3085,4213,4074,4098,4104,4223,4122,4190,4097,3032,443
02AUG2022,32/ 5:17:24-211,626,22859-18780-211-4,8,8,0,1241,1688,1515,1541,1843,1612,1877,1195,,,444
02AUG2022,32/ 5:45:22-211,649,22859-20724-211-3,8,8,0,1241,1688,1515,1541,1843,1612,1877,1195,,,445
02AUG2022,320/16:15:41-211,364,22859-58722-211-4,8,8,0,1241,1688,1515,1541,1843,1612,1877,1195,,,446
02AUG2022,320/17:43:19-211,434,22859-63924-211-3,8,8,0,1241,1688,1515,1541,1843,1612,1877,1195,,,447
02AUG2022,326/16:25:23-421,371,22859-59244-421-7,10,10,0,1226,1722,1631,1595,1824,1831,1654,1731,1554,1164,448
02AUG2022,326/17:37:36-421,429,22859-63588-421-13,10,10,0,1226,1722,1631,1595,1824,1831,1654,1731,1554,1164,449
02AUG2022,326/17:44:60-421,439,22859-64464-421-14,10,10,,,,,,,,,,,,450
02AUG2022,326/17:59: 9-421,446,22859-64878-421-8,10,10,0,1226,1722,1631,1595,1824,1831,1654,1731,1554,1164,451
02AUG2022,328/16:31: 4-213,376,22859-59622-213-4,8,8,0,1259,1808,1572,1900,1518,1766,1905,1235,,,452
02AUG2022,328/17:59:11-213,445,22859-64824-213-3,8,8,0,1259,1808,1572,1900,1518,1766,1905,1235,,,453
02AUG2022,33/ 5:15: 5-219,630,22859-19122-219-4,8,8,1,3074,4106,4112,3075,3029,4188,4072,3012,,,454
02AUG2022,33/ 6:43:59-219,695,22859-24324-219-3,8,8,1,3074,4106,4112,3075,3029,4188,4072,3012,,,455
02AUG2022,333/16:39:57-423,383,22859-60144-423-7,10,10,0,1257,1634,1890,1637,306,334,1760,1902,1565,1218,456
02AUG2022,333/17:51:41-423,440,22859-64488-423-13,10,10,0,1257,1634,1890,1637,306,334,1760,1902,1565,1218,457
02AUG2022,333/18: 1:35-423,450,22859-65364-423-14,10,10,0,1257,1634,1890,1637,306,334,1760,1902,1565,1218,458
02AUG2022,333/18:14:51-423,457,22859-65778-423-8,10,10,0,1257,1634,1890,1637,306,334,1760,1902,1565,1218,459
02AUG2022,336/16:44:11-215,388,22859-60522-215-4,8,8,0,1219,1747,1704,1802,1857,1713,1709,1256,,,460
02AUG2022,336/18:15:21-215,456,22859-65724-215-3,8,8,0,1219,1747,1704,1802,1857,1713,1709,1256,,,461
02AUG2022,34/ 5:19:12-209,639,22859-19824-209-3,8,8,1,3055,4084,3076,4003,4023,4125,4049,3096,,,462
02AUG2022,341/16:55:54-401,395,22859-61044-401-7,10,10,0,1260,1534,1883,1836,1591,1691,1633,1804,1621,350,463
02AUG2022,341/18: 9:36-401,451,22859-65388-401-13,10,10,0,1260,1534,1883,1836,1591,1691,1633,1804,1621,350,464
02AUG2022,341/18:14:39-401,461,22859-66264-401-14,10,10,,,,,,,,,,,,465
02AUG2022,341/18:29:28-401,468,22859-66678-401-8,10,10,0,1260,1534,1883,1836,1591,1691,1633,1804,1621,350,466
02AUG2022,343/17: 1: 9-217,400,22859-61422-217-4,8,8,0,1261,1582,1806,1849,339,362,1908,1205,,,467
02AUG2022,343/18:27:47-217,466,22859-66564-217-3,8,8,0,1261,1582,1806,1849,339,362,1908,1205,,,468
02AUG2022,344/17: 7:41-403,407,22859-61944-403-7,10,10,1,3098,4121,4041,4129,3112,3057,4193,4191,4123,3124,469
02AUG2022,344/18:22:33-403,462,22859-66288-403-13,10,10,1,3098,4121,4041,4129,3112,3057,4193,4191,4123,3124,470
02AUG2022,344/18:30:44-403,472,22859-67164-403-14,10,10,,,,,,,,,,,,471
02AUG2022,344/18:43:57-403,479,22859-67578-403-8,10,10,1,3098,4121,4041,4129,3112,3057,4193,4191,4123,3124,472
02AUG2022,345/17:11:59-918,37,345/17:11:59-918,,10,1,3049,4032,4027,4108,4139,4174,4071,4135,4025,3039,473
02AUG2022,345/17:24:59-325,421,22859-63000-325-1,10,10,1,3049,4032,4027,4108,4139,4174,4071,4135,4025,3039,474
02AUG2022,345/19: 7:20-325,495,22859-69054-325-2,10,10,1,3049,4032,4027,4108,4139,4174,4071,4135,4025,3039,475
02AUG2022,345/20:41: 0-325,546,22859-75228-325-1,10,10,1,3049,4032,4027,4108,4139,4174,4071,4135,4025,3039,476
02AUG2022,345/22:27:11-325,573,22859-80694-325-14,10,10,1,3049,4032,4027,4108,4139,4174,4071,4135,4025,3039,477
02AUG2022,346/17:27:42-511,420,22859-62886-511-12,10,10,0,365,1620,1609,1535,1744,1533,1884,1674,1720,449,478
02AUG2022,346/18:46: 8-511,481,22859-67902-511-11,10,10,0,365,1620,1609,1535,1744,1533,1884,1674,1720,449,479
02AUG2022,346/19:56:24-511,526,22859-72006-511-12,10,10,0,365,1620,1609,1535,1744,1533,1884,1674,1720,449,480
02AUG2022,347/17:15:48-219,412,22859-62322-219-4,8,8,1,3074,4106,4112,3075,3029,4188,4072,3012,,,481
02AUG2022,347/18:43:28-219,478,22859-67524-219-3,8,8,1,3074,4106,4112,3075,3029,4188,4072,3012,,,482
02AUG2022,352/17:26:45-405,419,22859-62844-405-7,10,10,1,3101,4131,4154,4008,3014,3097,4045,4069,4128,3153,483
02AUG2022,352/18:38: 7-405,473,22859-67188-405-13,10,10,1,3101,4131,4154,4008,3014,3097,4045,4069,4128,3153,484
02AUG2022,352/18:43:56-405,483,22859-68064-405-14,10,10,,,,,,,,,,,,485
02AUG2022,352/18:59:51-405,490,22859-68478-405-8,10,10,1,3101,4131,4154,4008,3014,3097,4045,4069,4128,3153,486
02AUG2022,355/17:30:31-221,424,22859-63222-221-4,8,8,0,1206,1528,1655,1693,1580,1705,1749,1250,,,487
02AUG2022,355/19: 3:46-621,43,355/19: 3:46-621,,8,0,1206,1528,1655,1693,1580,1705,1749,1250,,,488
02AUG2022,358/17:40:30-407,431,22859-63744-407-7,10,10,1,3031,4136,4012,4044,4113,4203,4078,4117,4076,3152,489
02AUG2022,358/18:53:35-407,484,22859-68088-407-13,10,10,1,3031,4136,4012,4044,4113,4203,4078,4117,4076,3152,490
02AUG2022,358/18:59:48-407,496,22859-69102-407-14,10,10,,,,,,,,,,,,491
02AUG2022,358/19:17:14-407,501,22859-69516-407-8,10,10,1,3031,4136,4012,4044,4113,4203,4078,4117,4076,3152,492
02AUG2022,359/17:47: 2-225,436,22859-64122-225-4,8,8,1,3091,4111,4119,4226,4020,4229,4092,3069,,,493
02AUG2022,359/19:12:59-225,500,22859-69324-225-3,8,8,1,3091,4111,4119,4226,4020,4229,4092,3069,,,494
02AUG2022,361/17:55:46-409,442,22859-64644-409-7,10,10,1,3108,4208,4212,4142,4225,4167,4150,4183,4036,3090,495
02AUG2022,361/19: 7:17-409,494,22859-68988-409-13,10,10,1,3108,4208,4212,4142,4225,4167,4150,4183,4036,3090,496
02AUG2022,361/19:17:18-409,506,22859-70020-409-14,10,10,,,,,,,,,,,,497
02AUG2022,361/19:32:24-409,511,22859-70434-409-8,10,10,1,3108,4208,4212,4142,4225,4167,4150,4183,4036,3090,498
02AUG2022,362/17:59:43-113,39,362/17:59:43-113,,10,1,3008,4077,4021,4209,4091,4222,4063,4007,4037,3033,499
02AUG2022,363/18: 1: 6-201,447,22859-65022-201-4,8,8,0,417,421,1685,1616,329,327,1825,388,,,500
02AUG2022,363/19:30:50-201,507,22859-70062-201-3,8,8,0,417,421,1685,1616,329,327,1825,388,,,501
02AUG2022,364/18: 8:50-411,453,22859-65562-411-7,10,10,1,3016,4158,4182,4155,4127,3051,4217,4149,4107,3106,502
02AUG2022,364/19:23:37-411,504,22859-69906-411-13,10,10,1,3016,4158,4182,4155,4127,3051,4217,4149,4107,3106,503
02AUG2022,364/19:31:52-411,515,22859-70950-411-14,10,10,,,,,,,,,,,,504
02AUG2022,364/19:49:22-411,520,22859-71364-411-8,10,10,1,3016,4158,4182,4155,4127,3051,4217,4149,4107,3106,505
02AUG2022,367/18:17:22-203,458,22859-65922-203-4,8,8,0,400,1841,1698,1740,1556,1756,1610,1230,,,506
02AUG2022,367/19:47:43-203,517,22859-71010-203-3,8,8,0,400,1841,1698,1740,1556,1756,1610,1230,,,507
02AUG2022,37/ 5:21:52-321,641,22859-20070-321-13,10,10,1,3089,4201,4005,4030,4099,4114,4058,4134,4196,3111,508
02AUG2022,37/ 5:38: 8-321,644,22859-20514-321-2,10,10,1,3089,4201,4005,4030,4099,4114,4058,4134,4196,3111,509
02AUG2022,37/ 7:12:34-321,720,22859-26100-321-1,10,10,1,3089,4201,4005,4030,4099,4114,4058,4134,4196,3111,510
02AUG2022,370/18:27:16-519,465,22859-66486-519-12,10,10,0,348,1564,1759,1672,1563,1889,1667,1834,1730,367,511
02AUG2022,370/19:46:17-519,521,22859-71502-519-11,10,10,0,348,1564,1759,1672,1563,1889,1667,1834,1730,367,512
02AUG2022,372/18:26:26-413,464,22859-66462-413-7,10,10,0,1238,1678,1712,1611,1548,1558,1625,1718,1767,1253,513
02AUG2022,372/19:42:41-413,514,22859-70806-413-13,10,10,0,1238,1678,1712,1611,1548,1558,1625,1718,1767,1253,514
02AUG2022,372/19:49: 6-413,524,22859-71814-413-14,10,10,,,,,,,,,,,,515
02AUG2022,372/20: 3:45-413,527,22859-72228-413-8,10,10,0,1238,1678,1712,1611,1548,1558,1625,1718,1767,1253,516
02AUG2022,373/18:31:56-205,469,22859-66822-205-4,8,8,0,1210,1885,1520,1748,1754,1670,1882,1220,,,517
02AUG2022,373/20: 0:47-205,525,22859-71880-205-3,8,8,0,1210,1885,1520,1748,1754,1670,1882,1220,,,518
02AUG2022,376/18:40:13-415,475,22859-67362-415-7,10,10,0,1266,1522,1721,1684,1510,1525,1619,311,1845,1255,519
02AUG2022,376/19:58:14-415,522,22859-71706-415-13,10,10,0,1266,1522,1721,1684,1510,1525,1619,311,1845,1255,520
02AUG2022,376/20: 3: 8-415,533,22859-72744-415-14,10,10,,,,,,,,,,,,521
02AUG2022,376/20:17:24-415,535,22859-73158-415-8,10,10,0,1266,1522,1721,1684,1510,1525,1619,311,1845,1255,522
02AUG2022,378/18:46:23-207,480,22859-67722-207-4,8,8,0,1248,1851,1701,1658,1575,1710,1703,1270,,,523
02AUG2022,378/20:15:37-207,534,22859-73140-207-3,8,8,0,1248,1851,1701,1658,1575,1710,1703,1270,,,524
02AUG2022,379/18:54:37-417,486,22859-68262-417-7,10,10,0,1258,1903,1505,1823,1639,1623,1675,1874,1715,1232,525
02AUG2022,379/20: 9:33-417,530,22859-72606-417-13,10,10,0,1258,1903,1505,1823,1639,1623,1675,1874,1715,1232,526
02AUG2022,379/20:17:20-417,536,22859-73476-417-14,10,10,0,1258,1903,1505,1823,1639,1623,1675,1874,1715,1232,527
02AUG2022,38/ 5:23:22-309,11,38/ 5:23:22-309,,10,1,3035,4056,4197,4168,3020,3095,4050,4009,4033,3041,528
02AUG2022,38/ 5:41:25-309,648,22859-20700-309-1,10,10,1,3035,4056,4197,4168,3020,3095,4050,4009,4033,3041,529
02AUG2022,38/ 7:16:56-309,729,22859-26814-309-2,10,10,1,3035,4056,4197,4168,3020,3095,4050,4009,4033,3041,530
02AUG2022,38/ 8:56:42-309,808,22859-32400-309-1,10,10,1,3035,4056,4197,4168,3020,3095,4050,4009,4033,3041,531
02AUG2022,38/10:39:60-309,94,22859-38514-309-2,10,10,1,3035,4056,4197,4168,3020,3095,4050,4009,4033,3041,532
02AUG2022,38/12:13:29-309,169,22859-44100-309-1,10,10,1,3035,4056,4197,4168,3020,3095,4050,4009,4033,3041,533
02AUG2022,38/13:47:49-309,250,22859-50214-309-2,10,10,1,3035,4056,4197,4168,3020,3095,4050,4009,4033,3041,534
02AUG2022,38/15:26:46-309,325,22859-55800-309-1,10,10,1,3035,4056,4197,4168,3020,3095,4050,4009,4033,3041,535
02AUG2022,38/17: 0:45-309,406,22859-61914-309-2,10,10,1,3035,4056,4197,4168,3020,3095,4050,4009,4033,3041,536
02AUG2022,38/18:43:10-309,477,22859-67500-309-1,10,10,1,3035,4056,4197,4168,3020,3095,4050,4009,4033,3041,537
02AUG2022,38/20:17:19-309,539,22859-73884-309-2,10,10,1,3035,4056,4197,4168,3020,3095,4050,4009,4033,3041,538
02AUG2022,38/22:11:27-709,52,38/22:11:27-709,,10,1,3035,4056,4197,4168,3020,3095,4050,4009,4033,3041,539
02AUG2022,381/18:59:51-209,491,22859-68622-209-4,8,8,1,3055,4084,3076,4003,4023,4125,4049,3096,,,540
02AUG2022,381/20:27:48-209,48,381/20:27:48-209,,8,1,3055,4084,3076,4003,4023,4125,4049,3096,,,541
02AUG2022,382/19:12:13-419,497,22859-69144-419-7,10,10,1,3085,4213,4074,4098,4104,4223,4122,4190,4097,3032,542
02AUG2022,383/19:14:15-211,502,22859-69522-211-4,8,8,0,1241,1688,1515,1541,1843,1612,1877,1195,,,543
02AUG2022,383/20:43: 5-211,544,22859-74940-211-3,8,8,0,1241,1688,1515,1541,1843,1612,1877,1195,,,544
02AUG2022,386/19:29:45-213,510,22859-70422-213-4,8,8,0,1259,1808,1572,1900,1518,1766,1905,1235,,,545
02AUG2022,386/22:34:55-203,580,22859-82140-203-3,8,8,0,1259,1808,1572,1900,1518,1766,1905,1235,,,546
02AUG2022,389/19:43:44-215,519,22859-71322-215-4,8,8,0,1219,1747,1704,1802,1857,1713,1709,1256,,,547
02AUG2022,389/21:11:35-215,555,22859-76740-215-3,8,8,0,1219,1747,1704,1802,1857,1713,1709,1256,,,548
02AUG2022,39/ 5:26:39-515,637,22859-19686-515-12,10,10,0,449,1720,1674,1750,1533,1744,1535,1609,1620,365,549
02AUG2022,39/ 6:43:45-515,699,22859-24702-515-11,10,10,0,449,1720,1674,1750,1533,1744,1535,1609,1620,365,550
02AUG2022,393/20: 2:42-217,528,22859-72282-217-4,8,8,0,1261,1582,1806,1849,339,362,1908,1205,,,551
02AUG2022,396/20:28:35-219,537,22859-73560-219-4,8,8,1,3074,4106,4112,3075,3029,4188,4072,3012,,,552
02AUG2022,396/21:49:24-219,563,22859-78540-219-3,8,8,1,3074,4106,4112,3075,3029,4188,4072,3012,,,553
02AUG2022,399/20:50:56-225,545,22859-75222-225-4,8,8,1,3091,4111,4119,4226,4020,4229,4092,3069,,,554
02AUG2022,399/22:20:10-225,571,22859-80340-225-3,8,8,1,3091,4111,4119,4226,4020,4229,4092,3069,,,555
02AUG2022,40/ 5:25:50-405,635,22859-19644-405-7,10,10,1,3108,4208,4212,4142,4225,4167,4150,4183,4036,3090,556
02AUG2022,40/ 6:39:56-405,690,22859-23988-405-13,10,10,1,3108,4208,4212,4142,4225,4167,4150,4183,4036,3090,557
02AUG2022,40/ 6:54: 7-405,702,22859-24864-405-14,10,10,1,3108,4208,4212,4142,4225,4167,4150,4183,4036,3090,558
02AUG2022,40/ 7: 1:30-405,709,22859-25278-405-8,10,10,1,3108,4208,4212,4142,4225,4167,4150,4183,4036,3090,559
02AUG2022,405/21:11:15-201,552,22859-76482-201-4,8,8,0,417,421,1685,1616,329,327,1825,388,,,560
02AUG2022,405/22:44: 8-201,53,405/22:44: 8-201,,8,0,417,421,1685,1616,329,327,1825,388,,,561
02AUG2022,406/21:19:29-203,557,22859-77124-203-4,8,8,0,400,1841,1698,1740,1556,1756,1610,1230,,,562
02AUG2022,406/23: 8:54-603,54,406/23: 8:54-603,,8,0,400,1841,1698,1740,1556,1756,1610,1230,,,563
02AUG2022,408/21:21:38-503,554,22859-76650-503-12,10,10,0,348,1564,1759,1672,1563,1889,1667,1834,1730,367,564
02AUG2022,408/22:27: 5-503,578,22859-81720-503-11,10,10,0,348,1564,1759,1672,1563,1889,1667,1834,1730,367,565
02AUG2022,408/23:48:26-503,595,22859-85650-503-12,10,10,0,348,1564,1759,1672,1563,1889,1667,1834,1730,367,566
02AUG2022,41/ 5:29: 8-213,636,22859-19680-213-4,8,8,0,1259,1808,1572,1900,1518,1766,1905,1235,,,567
02AUG2022,41/ 5:54:24-213,659,22859-21624-213-3,8,8,0,1259,1808,1572,1900,1518,1766,1905,1235,,,568
02AUG2022,412/ 1: 6:35-305,57,412/ 1: 6:35-305,,10,1,3056,4186,4096,4170,3107,3018,4094,4132,4015,3042,569
02AUG2022,412/21:34:37-305,559,22859-77766-305-1,10,10,1,3056,4186,4096,4170,3107,3018,4094,4132,4015,3042,570
02AUG2022,412/23: 7:16-305,585,22859-83232-305-14,10,10,1,3056,4186,4096,4170,3107,3018,4094,4132,4015,3042,571
02AUG2022,412/23:12:19-305,589,22859-84240-305-13,10,10,1,3056,4186,4096,4170,3107,3018,4094,4132,4015,3042,572
02AUG2022,412/23:29:60-305,591,22859-84684-305-2,10,10,1,3056,4186,4096,4170,3107,3018,4094,4132,4015,3042,573
02AUG2022,417/21:56:23-207,565,22859-78930-207-4,8,8,0,1248,1851,1701,1658,1575,1710,1703,1270,,,574
02AUG2022,417/23:22:23-207,588,22859-83940-207-3,8,8,0,1248,1851,1701,1658,1575,1710,1703,1270,,,575
02AUG2022,42/ 5:24:46-505,642,22859-20202-505-11,10,10,1,3092,4102,4162,4067,4159,4198,4105,4095,4047,3062,576
02AUG2022,42/ 6:44:60-505,693,22859-24186-505-12,10,10,1,3092,4102,4162,4067,4159,4198,4105,4095,4047,3062,577
02AUG2022,42/ 8: 3:26-505,760,22859-29202-505-11,10,10,1,3092,4102,4162,4067,4159,4198,4105,4095,4047,3062,578
02AUG2022,42/ 9:13:57-505,820,22859-33186-505-12,10,10,1,3092,4102,4162,4067,4159,4198,4105,4095,4047,3062,579
02AUG2022,42/10:27:10-505,89,22859-38202-505-11,10,10,1,3092,4102,4162,4067,4159,4198,4105,4095,4047,3062,580
02AUG2022,42/11:42:35-505,144,22859-42186-505-12,10,10,1,3092,4102,4162,4067,4159,4198,4105,4095,4047,3062,581
02AUG2022,42/13: 2: 9-505,209,22859-47202-505-11,10,10,1,3092,4102,4162,4067,4159,4198,4105,4095,4047,3062,582
02AUG2022,42/14:12: 8-505,264,22859-51186-505-12,10,10,1,3092,4102,4162,4067,4159,4198,4105,4095,4047,3062,583
02AUG2022,42/15:27:19-505,329,22859-56202-505-11,10,10,1,3092,4102,4162,4067,4159,4198,4105,4095,4047,3062,584
02AUG2022,42/16:41:28-505,384,22859-60186-505-12,10,10,1,3092,4102,4162,4067,4159,4198,4105,4095,4047,3062,585
02AUG2022,42/17:57:40-505,448,22859-65202-505-11,10,10,1,3092,4102,4162,4067,4159,4198,4105,4095,4047,3062,586
02AUG2022,42/19:12:51-505,498,22859-69186-505-12,10,10,1,3092,4102,4162,4067,4159,4198,4105,4095,4047,3062,587
02AUG2022,42/20:25:27-507,541,22859-74490-507-11,10,10,1,3062,4047,4095,4105,4198,4159,4067,4162,4102,3092,588
02AUG2022,42/21:47:27-507,562,22859-78450-507-12,10,10,1,3062,4047,4095,4105,4198,4159,4067,4162,4102,3092,589
02AUG2022,42/23: 0:21-507,586,22859-83520-507-11,10,10,1,3062,4047,4095,4105,4198,4159,4067,4162,4102,3092,590
02AUG2022,422/22:22:60-211,574,22859-80730-211-4,8,8,0,1241,1688,1515,1541,1843,1612,1877,1195,,,591
02AUG2022,422/23:53:45-211,596,22859-85752-211-3,8,8,0,1241,1688,1515,1541,1843,1612,1877,1195,,,592
02AUG2022,424/22:46:34-515,579,22859-82050-515-12,10,10,0,338,1821,1880,1898,1839,1909,1545,1762,1599,305,593
02AUG2022,424/23:59: 3-515,602,22859-87156-515-11,10,10,0,338,1821,1880,1898,1839,1909,1545,1762,1599,305,594
02AUG2022,425/ 0:19:36-215,55,425/ 0:19:36-215,,8,0,1219,1747,1704,1802,1857,1713,1709,1256,,,595
02AUG2022,425/22:53:33-215,582,22859-82536-215-4,8,8,0,1219,1747,1704,1802,1857,1713,1709,1256,,,596
02AUG2022,427/23:23:19-219,590,22859-84342-219-4,8,8,1,3074,4106,4112,3075,3029,4188,4072,3012,,,597
02AUG2022,429/23:52:26-225,598,22859-86202-225-4,8,10,0,376,1887,1728,1686,1516,1814,1807,1828,1537,354,598
02AUG2022,431/ 0:30:11-203,603,22859-88320-203-4,8,8,0,1259,1808,1572,1900,1518,1766,1905,1235,,,599
02AUG2022,44/ 5:30:34-221,640,22859-20022-221-4,8,8,0,1248,1629,1701,1575,1710,1703,1731,1247,,,600
02AUG2022,44/ 7: 1: 4-221,708,22859-25224-221-3,8,8,0,1248,1629,1701,1575,1710,1703,1731,1247,,,601
02AUG2022,45/ 5:38:59-115,13,45/ 5:38:59-115,,10,1,3004,4055,4085,4062,3044,3147,4054,4019,4211,3131,602
02AUG2022,45/ 5:59: 4-115,665,22859-22152-115-5,10,10,1,3004,4055,4085,4062,3044,3147,4054,4019,4211,3131,603
02AUG2022,45/ 7:37:22-115,737,22859-27486-115-6,10,10,1,3004,4055,4085,4062,3044,3147,4054,4019,4211,3131,604
02AUG2022,45/ 9: 8:24-115,815,22859-32952-115-5,10,10,1,3004,4055,4085,4062,3044,3147,4054,4019,4211,3131,605
02AUG2022,45/10:37:56-115,90,22859-38286-115-6,10,10,1,3004,4055,4085,4062,3044,3147,4054,4019,4211,3131,606
02AUG2022,45/12: 7:34-115,163,22859-43752-115-5,10,10,1,3004,4055,4085,4062,3044,3147,4054,4019,4211,3131,607
02AUG2022,45/13:38: 2-115,234,22859-49086-115-6,10,10,1,3004,4055,4085,4062,3044,3147,4054,4019,4211,3131,608
02AUG2022,45/15: 8:35-115,307,22859-54552-115-5,10,10,1,3004,4055,4085,4062,3044,3147,4054,4019,4211,3131,609
02AUG2022,45/16:33:31-115,378,22859-59886-115-6,10,10,1,3004,4055,4085,4062,3044,3147,4054,4019,4211,3131,610
02AUG2022,45/18: 4:57-115,40,45/18: 4:57-115,,10,1,3004,4055,4085,4062,3044,3147,4054,4019,4211,3131,611
02AUG2022,46/ 5:37:30-311,12,46/ 5:37:30-311,,10,0,1242,1628,1614,1630,1532,1593,1761,1768,1855,1233,612
02AUG2022,46/ 5:53:39-311,658,22859-21600-311-1,10,10,0,1242,1628,1614,1630,1532,1593,1761,1768,1855,1233,613
02AUG2022,46/ 7:36:50-311,741,22859-27714-311-2,10,10,0,1242,1628,1614,1630,1532,1593,1761,1768,1855,1233,614
02AUG2022,46/ 9:10:54-311,821,22859-33300-311-1,10,10,0,1242,1628,1614,1630,1532,1593,1761,1768,1855,1233,615
02AUG2022,46/10:50:37-311,106,22859-39414-311-2,10,10,0,1242,1628,1614,1630,1532,1593,1761,1768,1855,1233,616
02AUG2022,46/12:27:49-311,181,22859-45000-311-1,10,10,0,1242,1628,1614,1630,1532,1593,1761,1768,1855,1233,617
02AUG2022,46/14: 2:34-311,262,22859-51114-311-2,10,10,0,1242,1628,1614,1630,1532,1593,1761,1768,1855,1233,618
02AUG2022,46/15:42:31-311,337,22859-56700-311-1,10,10,0,1242,1628,1614,1630,1532,1593,1761,1768,1855,1233,619
02AUG2022,46/17:15:21-311,418,22859-62814-311-2,10,10,0,1242,1628,1614,1630,1532,1593,1761,1768,1855,1233,620
02AUG2022,46/18:58:14-311,489,22859-68400-311-1,10,10,0,1242,1628,1614,1630,1532,1593,1761,1768,1855,1233,621
02AUG2022,46/20:38:11-311,50,46/20:38:11-311,,10,0,1242,1628,1614,1630,1532,1593,1761,1768,1855,1233,622
02AUG2022,47/ 5:43: 1-215,646,22859-20580-215-4,8,8,0,1219,1747,1704,1802,1857,1713,1709,1256,,,623
02AUG2022,47/ 6: 7:45-215,671,22859-22524-215-3,8,8,0,1219,1747,1704,1802,1857,1713,1709,1256,,,624
02AUG2022,48/ 5:42: 3-407,645,22859-20544-407-7,10,10,1,3031,4136,4012,4044,4113,4203,4078,4117,4076,3152,625
02AUG2022,48/ 6:57:41-407,703,22859-24888-407-13,10,10,1,3031,4136,4012,4044,4113,4203,4078,4117,4076,3152,626
02AUG2022,48/ 7: 8:12-407,714,22859-25764-407-14,10,10,1,3031,4136,4012,4044,4113,4203,4078,4117,4076,3152,627
02AUG2022,48/ 7:14:41-407,722,22859-26178-407-8,10,10,1,3031,4136,4012,4044,4113,4203,4078,4117,4076,3152,628
02AUG2022,49/ 0:43:18-517,605,22859-89880-517-11,10,10,0,357,1876,1811,1656,1566,1707,1652,1635,1732,328,629
02AUG2022,49/ 1:19:33-517,607,22859-91170-517-12,10,10,0,357,1876,1811,1656,1566,1707,1652,1635,1732,328,630
02AUG2022,49/ 5:43:32-517,647,22859-20586-517-12,10,10,0,357,1876,1811,1656,1566,1707,1652,1635,1732,328,631
02AUG2022,49/ 6:54:36-517,711,22859-25602-517-11,10,10,0,357,1876,1811,1656,1566,1707,1652,1635,1732,328,632
02AUG2022,49/ 8:12:57-517,767,22859-29586-517-12,10,10,0,357,1876,1811,1656,1566,1707,1652,1635,1732,328,633
02AUG2022,49/ 9:31:10-517,837,22859-34602-517-11,10,10,0,357,1876,1811,1656,1566,1707,1652,1635,1732,328,634
02AUG2022,49/10:43: 2-517,96,22859-38586-517-12,10,10,0,357,1876,1811,1656,1566,1707,1652,1635,1732,328,635
02AUG2022,49/11:57: 5-517,161,22859-43602-517-11,10,10,0,357,1876,1811,1656,1566,1707,1652,1635,1732,328,636
02AUG2022,49/13:15:39-517,216,22859-47586-517-12,10,10,0,357,1876,1811,1656,1566,1707,1652,1635,1732,328,637
02AUG2022,49/14:27: 2-517,281,22859-52602-517-11,10,10,0,357,1876,1811,1656,1566,1707,1652,1635,1732,328,638
02AUG2022,49/15:43: 9-517,336,22859-56586-517-12,10,10,0,357,1876,1811,1656,1566,1707,1652,1635,1732,328,639
02AUG2022,49/16:57:10-517,401,22859-61602-517-11,10,10,0,357,1876,1811,1656,1566,1707,1652,1635,1732,328,640
02AUG2022,49/18:12: 2-517,454,22859-65586-517-12,10,10,0,357,1876,1811,1656,1566,1707,1652,1635,1732,328,641
02AUG2022,49/19:31:28-517,512,22859-70602-517-11,10,10,0,357,1876,1811,1656,1566,1707,1652,1635,1732,328,642
02AUG2022,49/20:41:26-517,543,22859-74850-517-12,10,10,0,357,1876,1811,1656,1566,1707,1652,1635,1732,328,643
02AUG2022,49/21:56:17-517,569,22859-79890-517-11,10,10,0,357,1876,1811,1656,1566,1707,1652,1635,1732,328,644
02AUG2022,49/23:17: 4-517,587,22859-83850-517-12,10,10,0,357,1876,1811,1656,1566,1707,1652,1635,1732,328,645
02AUG2022,51/ 0:37:19-317,604,22859-88638-317-14,10,10,0,1203,1663,1819,1624,1907,1840,1746,1536,1868,1251,646
02AUG2022,51/ 5:43: 9-918,14,51/ 5:43: 9-918,,10,0,1203,1663,1819,1624,1907,1840,1746,1536,1868,1251,647
02AUG2022,51/10: 2:15-317,61,22859-36000-317-1,10,10,0,1203,1663,1819,1624,1907,1840,1746,1536,1868,1251,648
02AUG2022,51/11:30:51-317,142,22859-42114-317-2,10,10,0,1203,1663,1819,1624,1907,1840,1746,1536,1868,1251,649
02AUG2022,51/13:13:50-317,217,22859-47700-317-1,10,10,0,1203,1663,1819,1624,1907,1840,1746,1536,1868,1251,650
02AUG2022,51/14:46:46-317,298,22859-53814-317-2,10,10,0,1203,1663,1819,1624,1907,1840,1746,1536,1868,1251,651
02AUG2022,51/16:28:12-317,373,22859-59400-317-1,10,10,0,1203,1663,1819,1624,1907,1840,1746,1536,1868,1251,652
02AUG2022,51/18: 0:12-317,452,22859-65514-317-2,10,10,0,1203,1663,1819,1624,1907,1840,1746,1536,1868,1251,653
02AUG2022,51/19:42:51-317,518,22859-71100-317-1,10,10,0,1203,1663,1819,1624,1907,1840,1746,1536,1868,1251,654
02AUG2022,51/21:14:40-317,553,22859-76566-317-14,10,10,0,1203,1663,1819,1624,1907,1840,1746,1536,1868,1251,655
02AUG2022,51/21:23:55-317,556,22859-77040-317-13,10,10,0,1203,1663,1819,1624,1907,1840,1746,1536,1868,1251,656
02AUG2022,51/21:31:20-317,558,22859-77484-317-2,10,10,0,1203,1663,1819,1624,1907,1840,1746,1536,1868,1251,657
02AUG2022,51/23: 4:37-317,584,22859-83172-317-1,10,10,0,1203,1663,1819,1624,1907,1840,1746,1536,1868,1251,658
02AUG2022,53/ 0: 4:29-323,601,22859-87138-323-1,10,10,1,3115,4028,4061,4177,3002,3048,4160,4018,4221,3010,659
02AUG2022,53/ 2: 6:16-323,60,53/ 2: 6:16-323,,10,,,,,,,,,,,,660
02AUG2022,53/ 5:44: 5-323,651,22859-20970-323-13,10,10,1,3115,4028,4061,4177,3002,3048,4160,4018,4221,3010,661
02AUG2022,53/ 5:56:51-323,655,22859-21414-323-2,10,10,1,3115,4028,4061,4177,3002,3048,4160,4018,4221,3010,662
02AUG2022,53/ 7:27:14-323,732,22859-27000-323-1,10,10,1,3115,4028,4061,4177,3002,3048,4160,4018,4221,3010,663
02AUG2022,53/ 9: 4:32-323,818,22859-33114-323-2,10,10,1,3115,4028,4061,4177,3002,3048,4160,4018,4221,3010,664
02AUG2022,53/10:44:57-323,97,22859-38700-323-1,10,10,,,,,,,,,,,,665
02AUG2022,53/12:18:41-323,178,22859-44814-323-2,10,10,,,,,,,,,,,,666
02AUG2022,53/14: 1:49-323,253,22859-50400-323-1,10,10,1,3115,4028,4061,4177,3002,3048,4160,4018,4221,3010,667
02AUG2022,53/15:34: 2-323,334,22859-56514-323-2,10,10,1,3115,4028,4061,4177,3002,3048,4160,4018,4221,3010,668
02AUG2022,53/17:17:43-323,409,22859-62100-323-1,10,10,1,3115,4028,4061,4177,3002,3048,4160,4018,4221,3010,669
02AUG2022,53/18:49:16-323,485,22859-68214-323-2,10,10,1,3115,4028,4061,4177,3002,3048,4160,4018,4221,3010,670
02AUG2022,53/20:26: 5-323,540,22859-74052-323-1,10,10,1,3115,4028,4061,4177,3002,3048,4160,4018,4221,3010,671
02AUG2022,53/22: 5:33-323,567,22859-79518-323-14,10,10,1,3115,4028,4061,4177,3002,3048,4160,4018,4221,3010,672
02AUG2022,53/22:10: 6-323,572,22859-80640-323-13,10,10,1,3115,4028,4061,4177,3002,3048,4160,4018,4221,3010,673
02AUG2022,53/22:28:55-323,575,22859-81084-323-2,10,10,1,3115,4028,4061,4177,3002,3048,4160,4018,4221,3010,674
02AUG2022,54/ 5:45:42-225,650,22859-20922-225-4,8,8,1,3091,4111,4119,4226,4020,4229,4092,3069,,,675
02AUG2022,54/ 7:12:56-225,721,22859-26124-225-3,8,8,1,3091,4111,4119,4226,4020,4229,4092,3069,,,676
02AUG2022,55/ 5:48:56-507,652,22859-21102-507-11,10,10,0,377,1769,1854,1598,1886,1690,1692,1700,1763,380,677
02AUG2022,55/ 6:57:38-507,706,22859-25086-507-12,10,10,0,377,1769,1854,1598,1886,1690,1692,1700,1763,380,678
02AUG2022,55/ 8:14:46-507,772,22859-30102-507-11,10,10,0,377,1769,1854,1598,1886,1690,1692,1700,1763,380,679
02AUG2022,55/ 9:29:36-507,832,22859-34086-507-12,10,10,0,377,1769,1854,1598,1886,1690,1692,1700,1763,380,680
02AUG2022,55/10:44:27-507,101,22859-39102-507-11,10,10,0,377,1769,1854,1598,1886,1690,1692,1700,1763,380,681
02AUG2022,55/11:58: 4-507,156,22859-43086-507-12,10,10,0,377,1769,1854,1598,1886,1690,1692,1700,1763,380,682
02AUG2022,55/13:14:42-507,221,22859-48102-507-11,10,10,0,377,1769,1854,1598,1886,1690,1692,1700,1763,380,683
02AUG2022,55/14:27:17-507,276,22859-52086-507-12,10,10,0,377,1769,1854,1598,1886,1690,1692,1700,1763,380,684
02AUG2022,55/15:42:20-507,341,22859-57102-507-11,10,10,0,377,1769,1854,1598,1886,1690,1692,1700,1763,380,685
02AUG2022,55/16:56:35-507,396,22859-61086-507-12,10,10,0,377,1769,1854,1598,1886,1690,1692,1700,1763,380,686
02AUG2022,55/18:16:45-507,459,22859-66102-507-11,10,10,0,377,1769,1854,1598,1886,1690,1692,1700,1763,380,687
02AUG2022,55/19:26: 9-507,508,22859-70086-507-12,10,10,0,377,1769,1854,1598,1886,1690,1692,1700,1763,380,688
02AUG2022,58/ 5:51:51-117,15,58/ 5:51:51-117,,10,0,1269,423,1673,1904,1577,1569,1552,1549,1539,1234,689
02AUG2022,58/ 6:14: 6-117,676,22859-23052-117-5,10,10,0,1269,423,1673,1904,1577,1569,1552,1549,1539,1234,690
02AUG2022,58/ 7:53: 3-117,749,22859-28386-117-6,10,10,0,1269,423,1673,1904,1577,1569,1552,1549,1539,1234,691
02AUG2022,58/ 9:24: 8-117,827,22859-33852-117-5,10,10,0,1269,423,1673,1904,1577,1569,1552,1549,1539,1234,692
02AUG2022,58/10:49:10-117,102,22859-39186-117-6,10,10,0,1269,423,1673,1904,1577,1569,1552,1549,1539,1234,693
02AUG2022,58/12:21:40-117,175,22859-44652-117-5,10,10,0,1269,423,1673,1904,1577,1569,1552,1549,1539,1234,694
02AUG2022,58/13:48:53-117,246,22859-49986-117-6,10,10,0,1269,423,1673,1904,1577,1569,1552,1549,1539,1234,695
02AUG2022,58/15:20:16-117,319,22859-55452-117-5,10,10,0,1269,423,1673,1904,1577,1569,1552,1549,1539,1234,696
02AUG2022,58/16:48:42-117,390,22859-60786-117-6,10,10,0,1269,423,1673,1904,1577,1569,1552,1549,1539,1234,697
02AUG2022,58/18:23: 9-117,41,58/18:23: 9-117,,10,0,1269,423,1673,1904,1577,1569,1552,1549,1539,1234,698
02AUG2022,6/ 4:51:56-305,4,6/ 4:51:56-305,,10,1,3053,4053,4079,4171,3068,3036,4011,4173,4088,3006,699
02AUG2022,6/ 5: 7:36-305,628,22859-18900-305-1,10,10,1,3053,4053,4079,4171,3068,3036,4011,4173,4088,3006,700
02AUG2022,6/ 6:55:18-305,704,22859-25014-305-2,10,10,1,3053,4053,4079,4171,3068,3036,4011,4173,4088,3006,701
02AUG2022,6/ 8:30:29-305,781,22859-30600-305-1,10,10,1,3053,4053,4079,4171,3068,3036,4011,4173,4088,3006,702
02AUG2022,6/10:11: 4-305,70,22859-36714-305-2,10,10,1,3053,4053,4079,4171,3068,3036,4011,4173,4088,3006,703
02AUG2022,61/ 5:57:13-519,657,22859-21486-519-12,10,10,0,305,1644,1762,1545,1909,1839,1898,1880,1821,338,704
02AUG2022,61/ 7:15:48-519,724,22859-26502-519-11,10,10,0,305,1644,1762,1545,1909,1839,1898,1880,1821,338,705
02AUG2022,61/ 8:28: 3-519,780,22859-30486-519-12,10,10,0,305,1644,1762,1545,1909,1839,1898,1880,1821,338,706
02AUG2022,61/ 9:39:45-519,851,22859-35502-519-11,10,10,0,305,1644,1762,1545,1909,1839,1898,1880,1821,338,707
02AUG2022,61/10:58:44-519,108,22859-39486-519-12,10,10,0,305,1644,1762,1545,1909,1839,1898,1880,1821,338,708
02AUG2022,61/12:15:25-519,173,22859-44502-519-11,10,10,0,305,1644,1762,1545,1909,1839,1898,1880,1821,338,709
02AUG2022,61/13:26:14-519,228,22859-48486-519-12,10,10,0,305,1644,1762,1545,1909,1839,1898,1880,1821,338,710
02AUG2022,61/14:45:23-519,293,22859-53502-519-11,10,10,0,305,1644,1762,1545,1909,1839,1898,1880,1821,338,711
02AUG2022,61/15:57:53-519,348,22859-57486-519-12,10,10,0,305,1644,1762,1545,1909,1839,1898,1880,1821,338,712
02AUG2022,61/17:15:18-519,413,22859-62502-519-11,10,10,0,305,1644,1762,1545,1909,1839,1898,1880,1821,338,713
02AUG2022,62/ 5:56: 7-409,656,22859-21444-409-7,10,10,0,1260,1534,1883,1836,1591,1691,1633,1804,1621,350,714
02AUG2022,62/ 7: 8:15-409,715,22859-25788-409-13,10,10,0,1260,1534,1883,1836,1591,1691,1633,1804,1621,350,715
02AUG2022,62/ 7:14:32-409,727,22859-26664-409-14,10,10,,,,,,,,,,,,716
02AUG2022,62/ 7:28:34-409,734,22859-27078-409-8,10,10,0,1260,1534,1883,1836,1591,1691,1633,1804,1621,350,717
02AUG2022,65/ 5:59: 1-509,663,22859-22002-509-11,10,10,0,440,1861,1864,1913,1573,1812,1689,1590,1531,387,718
02AUG2022,65/ 7:14:45-509,719,22859-25986-509-12,10,10,0,440,1861,1864,1913,1573,1812,1689,1590,1531,387,719
02AUG2022,65/ 8:27:46-509,785,22859-31002-509-11,10,10,0,440,1861,1864,1913,1573,1812,1689,1590,1531,387,720
02AUG2022,65/10:30: 2-513,72,22859-36786-513-12,10,10,,,,,,,,,,,,721
02AUG2022,65/11:28:15-513,137,22859-41802-513-11,10,10,0,440,1861,1864,1913,1573,1812,1689,1590,1531,387,722
02AUG2022,65/12:43: 5-513,192,22859-45786-513-12,10,10,0,440,1861,1864,1913,1573,1812,1689,1590,1531,387,723
02AUG2022,65/14: 0:14-513,257,22859-50802-513-11,10,10,0,440,1861,1864,1913,1573,1812,1689,1590,1531,387,724
02AUG2022,65/15:12:11-513,312,22859-54786-513-12,10,10,0,440,1861,1864,1913,1573,1812,1689,1590,1531,387,725
02AUG2022,65/16:29: 9-513,377,22859-59802-513-11,10,10,0,440,1861,1864,1913,1573,1812,1689,1590,1531,387,726
02AUG2022,65/17:41:29-513,432,22859-63786-513-12,10,10,0,440,1861,1864,1913,1573,1812,1689,1590,1531,387,727
02AUG2022,65/18:59:12-513,492,22859-68802-513-11,10,10,0,440,1861,1864,1913,1573,1812,1689,1590,1531,387,728
02AUG2022,66/ 6: 1:35-201,661,22859-21822-201-4,8,8,0,417,421,1685,1616,329,327,1825,388,,,729
02AUG2022,66/ 7:30:21-201,733,22859-27024-201-3,8,8,0,417,421,1685,1616,329,327,1825,388,,,730
02AUG2022,67/ 6: 1: 5-421,660,22859-21816-421-8,10,10,0,1257,1634,1890,1637,306,334,1760,1902,1565,1218,731
02AUG2022,69/ 6:12:15-119,16,69/ 6:12:15-119,,10,1,3026,4194,4059,4227,3028,3140,4024,4083,4219,3155,732
02AUG2022,69/ 6:37:17-119,688,22859-23952-119-5,10,10,1,3026,4194,4059,4227,3028,3140,4024,4083,4219,3155,733
02AUG2022,69/ 8: 8: 3-119,761,22859-29286-119-6,10,10,1,3026,4194,4059,4227,3028,3140,4024,4083,4219,3155,734
02AUG2022,69/ 9:37:37-119,840,22859-34752-119-5,10,10,1,3026,4194,4059,4227,3028,3140,4024,4083,4219,3155,735
02AUG2022,69/11: 4:21-119,114,22859-40086-119-6,10,10,1,3026,4194,4059,4227,3028,3140,4024,4083,4219,3155,736
02AUG2022,69/12:37:59-119,187,22859-45552-119-5,10,10,1,3026,4194,4059,4227,3028,3140,4024,4083,4219,3155,737
02AUG2022,69/14: 4: 3-119,258,22859-50886-119-6,10,10,1,3026,4194,4059,4227,3028,3140,4024,4083,4219,3155,738
02AUG2022,69/15:33:42-119,331,22859-56352-119-5,10,10,1,3026,4194,4059,4227,3028,3140,4024,4083,4219,3155,739
02AUG2022,69/17: 3:42-119,402,22859-61686-119-6,10,10,1,3026,4194,4059,4227,3028,3140,4024,4083,4219,3155,740
02AUG2022,69/18:35: 0-119,42,69/18:35: 0-119,,10,1,3026,4194,4059,4227,3028,3140,4024,4083,4219,3155,741
02AUG2022,7/ 4:53: 6-511,5,7/ 4:53: 6-511,,10,0,316,1865,1588,1714,1605,1501,1529,1517,1729,434,742
02AUG2022,7/ 6:15:10-511,674,22859-22902-511-11,10,10,0,316,1865,1588,1714,1605,1501,1529,1517,1729,434,743
02AUG2022,71/ 6: 6:19-325,662,22859-21870-325-13,10,10,0,416,1745,1602,1671,1878,1809,1910,1648,1892,363,744
02AUG2022,71/ 6:12:26-325,666,22859-22314-325-2,10,10,0,416,1745,1602,1671,1878,1809,1910,1648,1892,363,745
02AUG2022,71/ 7:41:35-325,744,22859-27900-325-1,10,10,0,416,1745,1602,1671,1878,1809,1910,1648,1892,363,746
02AUG2022,71/ 9:16: 4-325,830,22859-34014-325-2,10,10,0,416,1745,1602,1671,1878,1809,1910,1648,1892,363,747
02AUG2022,71/10:59:57-325,109,22859-39600-325-1,10,10,0,416,1745,1602,1671,1878,1809,1910,1648,1892,363,748
02AUG2022,71/12:31:22-325,190,22859-45714-325-2,10,10,0,416,1745,1602,1671,1878,1809,1910,1648,1892,363,749
02AUG2022,71/14:11:25-325,265,22859-51300-325-1,10,10,0,416,1745,1602,1671,1878,1809,1910,1648,1892,363,750
02AUG2022,71/15:55:45-325,346,22859-57414-325-2,10,10,0,416,1745,1602,1671,1878,1809,1910,1648,1892,363,751
02AUG2022,71/17:33: 1-725,38,71/17:33: 1-725,,10,,,,,,,,,,,,752
02AUG2022,74/ 4:38:39-107,3,74/ 4:38:39-107,,10,0,1225,1699,1615,1562,1538,1897,1583,1817,1587,379,753
02AUG2022,74/ 6:38: 3-107,687,22859-23886-107-6,10,10,0,379,1587,1817,1583,1897,1538,1562,1615,1699,1225,754
02AUG2022,74/ 8: 9: 7-107,762,22859-29352-107-5,10,10,0,379,1587,1817,1583,1897,1538,1562,1615,1699,1225,755
02AUG2022,74/10:15:38-111,66,22859-36486-111-6,10,10,0,1225,1699,1615,1562,1538,1897,1583,1817,1587,379,756
02AUG2022,74/11:47:55-111,139,22859-41952-111-5,10,10,0,1225,1699,1615,1562,1538,1897,1583,1817,1587,379,757
02AUG2022,74/13:10:22-111,210,22859-47286-111-6,10,10,0,1225,1699,1615,1562,1538,1897,1583,1817,1587,379,758
02AUG2022,74/14:37:57-111,283,22859-52752-111-5,10,10,0,1225,1699,1615,1562,1538,1897,1583,1817,1587,379,759
02AUG2022,74/16: 3:18-111,354,22859-58086-111-6,10,10,0,1225,1699,1615,1562,1538,1897,1583,1817,1587,379,760
02AUG2022,74/17:34: 3-111,427,22859-63552-111-5,10,10,0,1225,1699,1615,1562,1538,1897,1583,1817,1587,379,761
02AUG2022,74/19: 6: 6-111,493,22859-68886-111-6,10,10,0,1225,1699,1615,1562,1538,1897,1583,1817,1587,379,762
02AUG2022,74/20:36:17-111,49,74/20:36:17-111,,10,0,1225,1699,1615,1562,1538,1897,1583,1817,1587,379,763
02AUG2022,74\ 5: 3:52-107,622,22859-18552-107-5,10,10,0,1225,1699,1615,1562,1538,1897,1583,1817,1587,379,764
02AUG2022,77/ 6:12:48-411,667,22859-22344-411-7,10,10,1,3016,4158,4182,4155,4127,3051,4217,4149,4107,3106,765
02AUG2022,77/ 7:22:30-411,728,22859-26688-411-13,10,10,1,3016,4158,4182,4155,4127,3051,4217,4149,4107,3106,766
02AUG2022,77/ 7:28:46-411,739,22859-27564-411-14,10,10,,,,,,,,,,,,767
02AUG2022,77/ 7:46:14-411,746,22859-27978-411-8,10,10,1,3016,4158,4182,4155,4127,3051,4217,4149,4107,3106,768
02AUG2022,79/ 6:16:58-203,673,22859-22722-203-4,8,8,0,400,1841,1698,1740,1556,1756,1610,1230,,,769
02AUG2022,79/ 7:44:48-203,745,22859-27924-203-3,8,8,0,400,1841,1698,1740,1556,1756,1610,1230,,,770
02AUG2022,8/ 4:51:12-501,621,22859-18402-501-11,10,9,1,3066,4115,4064,3071,3110,4153,4140,4026,3113,,771
02AUG2022,8/ 6:17:16-501,668,22859-22386-501-12,10,9,1,3066,4115,4064,3071,3110,4153,4140,4026,3113,,772
02AUG2022,8/ 7:30:46-501,736,22859-27402-501-11,10,9,1,3066,4115,4064,3071,3110,4153,4140,4026,3113,,773
02AUG2022,8/ 8:43:51-501,793,22859-31386-501-12,10,9,1,3066,4115,4064,3071,3110,4153,4140,4026,3113,,774
02AUG2022,8/ 9:59:15-501,65,22859-36402-501-11,10,9,1,3066,4115,4064,3071,3110,4153,4140,4026,3113,,775
02AUG2022,8/11:12:53-501,120,22859-40386-501-12,10,9,1,3066,4115,4064,3071,3110,4153,4140,4026,3113,,776
02AUG2022,8/12:31: 5-501,185,22859-45402-501-11,10,9,1,3066,4115,4064,3071,3110,4153,4140,4026,3113,,777
02AUG2022,8/13:43: 3-501,240,22859-49386-501-12,10,9,1,3066,4115,4064,3071,3110,4153,4140,4026,3113,,778
02AUG2022,8/14:55:14-501,305,22859-54402-501-11,10,9,1,3066,4115,4064,3071,3110,4153,4140,4026,3113,,779
02AUG2022,8/16:11:51-501,360,22859-58386-501-12,10,9,1,3066,4115,4064,3071,3110,4153,4140,4026,3113,,780
02AUG2022,8/17:29: 8-501,425,22859-63402-501-11,10,9,1,3066,4115,4064,3071,3110,4153,4140,4026,3113,,781
02AUG2022,8/18:45:37-501,476,22859-67386-501-12,10,9,1,3066,4115,4064,3071,3110,4153,4140,4026,3113,,782
02AUG2022,8/19:55:57-503,532,22859-72720-503-11,10,9,1,3113,4026,4140,4153,3110,3071,4064,4115,3066,,783
02AUG2022,80/ 6:18:36-423,672,22859-22716-423-8,10,10,0,1244,1596,1694,1891,1642,1736,1571,1706,1650,1276,784
02AUG2022,81/ 6:23:40-121,17,81/ 6:23:40-121,,10,0,376,1887,1728,1686,1516,1814,1807,1828,1537,354,785
02AUG2022,81/ 6:52: 1-121,701,22859-24852-121-5,10,10,0,376,1887,1728,1686,1516,1814,1807,1828,1537,354,786
02AUG2022,81/ 8:22: 1-121,773,22859-30186-121-6,10,10,0,376,1887,1728,1686,1516,1814,1807,1828,1537,354,787
02AUG2022,81/ 9:54: 9-121,854,22859-35652-121-5,10,10,0,376,1887,1728,1686,1516,1814,1807,1828,1537,354,788
02AUG2022,81/11:18:48-121,126,22859-40986-121-6,10,10,0,376,1887,1728,1686,1516,1814,1807,1828,1537,354,789
02AUG2022,81/12:48:58-121,199,22859-46452-121-5,10,10,0,376,1887,1728,1686,1516,1814,1807,1828,1537,354,790
02AUG2022,81/14:18:19-121,270,22859-51786-121-6,10,10,0,376,1887,1728,1686,1516,1814,1807,1828,1537,354,791
02AUG2022,81/15:50:17-121,343,22859-57252-121-5,10,10,0,376,1887,1728,1686,1516,1814,1807,1828,1537,354,792
02AUG2022,81/17:19:23-121,414,22859-62586-121-6,10,10,0,376,1887,1728,1686,1516,1814,1807,1828,1537,354,793
02AUG2022,81/18:51:53-221,488,22859-68364-221-3,8,10,0,376,1887,1728,1686,1516,1814,1807,1828,1537,354,794
02AUG2022,84/ 6:25:29-413,680,22859-23244-413-7,10,10,0,1238,1678,1712,1611,1548,1558,1625,1718,1767,1253,795
02AUG2022,84/ 7:40: 8-413,740,22859-27588-413-13,10,10,0,1238,1678,1712,1611,1548,1558,1625,1718,1767,1253,796
02AUG2022,84/ 7:49:33-413,751,22859-28464-413-14,10,10,0,1238,1678,1712,1611,1548,1558,1625,1718,1767,1253,797
02AUG2022,84/ 7:58:51-413,758,22859-28878-413-8,10,10,0,1238,1678,1712,1611,1548,1558,1625,1718,1767,1253,798
02AUG2022,86/ 6:32:41-205,685,22859-23622-205-4,8,8,0,1210,1885,1520,1748,1754,1670,1882,1220,,,799
02AUG2022,86/ 8: 0:20-205,757,22859-28824-205-3,8,8,0,1210,1885,1520,1748,1754,1670,1882,1220,,,800
02AUG2022,89/ 6:42:10-123,18,89/ 6:42:10-123,,10,1,3133,4066,4145,4101,3064,4210,4031,4204,4004,3037,801
02AUG2022,89/ 7: 5:10-123,713,22859-25752-123-5,10,10,1,3133,4066,4145,4101,3064,4210,4031,4204,4004,3037,802
02AUG2022,89/ 8:36: 7-123,786,22859-31086-123-6,10,10,1,3133,4066,4145,4101,3064,4210,4031,4204,4004,3037,803
02AUG2022,89/10: 2:19-123,67,22859-36552-123-5,10,10,1,3133,4066,4145,4101,3064,4210,4031,4204,4004,3037,804
02AUG2022,89/11:34:49-123,138,22859-41886-123-6,10,10,1,3133,4066,4145,4101,3064,4210,4031,4204,4004,3037,805
02AUG2022,89/13: 5: 3-123,211,22859-47352-123-5,10,10,1,3133,4066,4145,4101,3064,4210,4031,4204,4004,3037,806
02AUG2022,89/14:34:39-123,282,22859-52686-123-6,10,10,1,3133,4066,4145,4101,3064,4210,4031,4204,4004,3037,807
02AUG2022,89/16: 2:24-123,355,22859-58152-123-5,10,10,1,3133,4066,4145,4101,3064,4210,4031,4204,4004,3037,808
02AUG2022,89/17:33:29-123,426,22859-63486-123-6,10,10,1,3133,4066,4145,4101,3064,4210,4031,4204,4004,3037,809
02AUG2022,89/19: 7:50-123,44,89/19: 7:50-123,,10,1,3133,4066,4145,4101,3064,4210,4031,4204,4004,3037,810
02AUG2022,9/ 4:54:32-313,613,22859-17946-313-2,10,10,0,1252,1681,1856,1594,1560,1738,1894,1647,1850,418,811
02AUG2022,9/ 6:15: 3-313,670,22859-22500-313-1,10,10,0,1252,1681,1856,1594,1560,1738,1894,1647,1850,418,812
02AUG2022,9/ 7:52:49-313,753,22859-28614-313-2,10,10,0,1252,1681,1856,1594,1560,1738,1894,1647,1850,418,813
02AUG2022,9/ 9:27:47-313,833,22859-34200-313-1,10,10,0,1252,1681,1856,1594,1560,1738,1894,1647,1850,418,814
02AUG2022,9/11: 9:55-313,118,22859-40314-313-2,10,10,0,1252,1681,1856,1594,1560,1738,1894,1647,1850,418,815
02AUG2022,9/12:41:40-313,193,22859-45900-313-1,10,10,0,1252,1681,1856,1594,1560,1738,1894,1647,1850,418,816
02AUG2022,9/14:19:28-313,274,22859-52014-313-2,10,10,0,1252,1681,1856,1594,1560,1738,1894,1647,1850,418,817
02AUG2022,9/15:57:24-313,349,22859-57600-313-1,10,10,0,1252,1681,1856,1594,1560,1738,1894,1647,1850,418,818
02AUG2022,9/17:35: 5-313,430,22859-63714-313-2,10,10,0,1252,1681,1856,1594,1560,1738,1894,1647,1850,418,819
02AUG2022,9/19:18:43-313,499,22859-69300-313-1,10,10,0,1252,1681,1856,1594,1560,1738,1894,1647,1850,418,820
02AUG2022,9/20:48:42-313,542,22859-74748-313-14,10,10,0,1252,1681,1856,1594,1560,1738,1894,1647,1850,418,821
02AUG2022,9/20:58:29-313,547,22859-75240-313-13,10,10,0,1252,1681,1856,1594,1560,1738,1894,1647,1850,418,822
02AUG2022,9/21: 4:32-313,549,22859-75684-313-2,10,10,0,1252,1681,1856,1594,1560,1738,1894,1647,1850,418,823
02AUG2022,9/22:37: 2-313,576,22859-81366-313-1,10,10,0,1252,1681,1856,1594,1560,1738,1894,1647,1850,418,824
02AUG2022,91/ 6:42: 2-415,692,22859-24144-415-7,10,10,0,1266,1522,1721,1684,1510,1525,1619,311,1845,1255,825
02AUG2022,91/ 7:55:12-415,752,22859-28488-415-13,10,10,,,,,,,,,,,,826
02AUG2022,91/ 8:10:11-415,763,22859-29364-415-14,10,10,,,,,,,,,,,,827
02AUG2022,91/ 8:15:33-415,770,22859-29778-415-8,10,10,0,1266,1522,1721,1684,1510,1525,1619,311,1845,1255,828
02AUG2022,92/ 6:48:15-207,698,22859-24522-207-4,8,8,0,1226,1722,1631,1595,1824,1506,1554,1164,,,829
02AUG2022,92/ 8:15:22-207,769,22859-29724-207-3,8,8,0,1226,1722,1631,1595,1824,1506,1554,1164,,,830
02AUG2022,97/ 6:55:16-417,705,22859-25044-417-7,10,10,0,1258,1903,1505,1823,1639,1623,1675,1874,1715,1232,831
02AUG2022,97/ 8: 9:50-417,764,22859-29388-417-13,10,10,,,,,,,,,,,,832
02AUG2022,97/ 8:15:49-417,776,22859-30264-417-14,10,10,,,,,,,,,,,,833
02AUG2022,97/ 8:31:16-417,783,22859-30678-417-8,10,10,0,1258,1903,1505,1823,1639,1623,1675,1874,1715,1232,834
02AUG2022,98/ 7: 4:12-958,19,98/ 7: 4:12-958,,8,0,394,1544,1896,1893,1833,1570,1726,352,,,835
02AUG2022,992/ 4:31:36-105,1,992/ 4:31:36-105,,10,0,415,1603,1818,1739,1805,1743,1859,1607,1584,1243,836
02AUG2022,992/ 4:54:26-105,609,22859-17652-105-5,10,10,0,415,1603,1818,1739,1805,1743,1859,1607,1584,1243,837
02AUG2022,992/ 6:22:41-105,675,22859-22986-105-6,10,10,0,415,1603,1818,1739,1805,1743,1859,1607,1584,1243,838
02AUG2022,992/ 7:54: 8-105,750,22859-28452-105-5,10,10,0,415,1603,1818,1739,1805,1743,1859,1607,1584,1243,839
02AUG2022,992/ 9:19:44-105,826,22859-33786-105-6,10,10,0,415,1603,1818,1739,1805,1743,1859,1607,1584,1243,840
02AUG2022,992/10:49:52-105,103,22859-39252-105-5,10,10,0,415,1603,1818,1739,1805,1743,1859,1607,1584,1243,841
02AUG2022,992/12:20:29-105,174,22859-44586-105-6,10,10,0,415,1603,1818,1739,1805,1743,1859,1607,1584,1243,842
02AUG2022,992/13:50:55-106,31,992/13:50:55-106,,10,0,415,1603,1818,1739,1805,1743,1859,1607,1584,1243,843
02AUG2022,994/ 4:35:46-303,2,994/ 4:35:46-303,,10,1,3050,4165,4147,4048,3116,3142,4138,4017,4175,3073,844
02AUG2022,994/ 4:54: 7-303,614,22859-18000-303-1,10,10,1,3050,4165,4147,4048,3116,3142,4138,4017,4175,3073,845
02AUG2022,994/ 6:35:46-303,691,22859-24114-303-2,10,10,1,3050,4165,4147,4048,3116,3142,4138,4017,4175,3073,846
02AUG2022,994/ 8:13:20-303,768,22859-29700-303-1,10,10,1,3050,4165,4147,4048,3116,3142,4138,4017,4175,3073,847
02AUG2022,994/ 9:57:14-303,857,22859-35814-303-2,10,10,1,3050,4165,4147,4048,3116,3142,4138,4017,4175,3073,848
02AUG2022,994/11:40: 0-305,145,22859-42300-305-1,10,10,1,3050,4165,4147,4048,3116,3142,4138,4017,4175,3073,849
02AUG2022,994/13:17:50-305,226,22859-48414-305-2,10,10,1,3050,4165,4147,4048,3116,3142,4138,4017,4175,3073,850
02AUG2022,994/14:58:17-305,301,22859-54000-305-1,10,10,,,,,,,,,,,,851
02AUG2022,994/16:30:29-305,382,22859-60114-305-2,10,10,1,3050,4165,4147,4048,3116,3142,4138,4017,4175,3073,852
02AUG2022,994/18:12:38-305,455,22859-65700-305-1,10,10,1,3050,4165,4147,4048,3116,3142,4138,4017,4175,3073,853
02AUG2022,994/19:55:31-305,523,22859-71754-305-2,10,10,1,3050,4165,4147,4048,3116,3142,4138,4017,4175,3073,854
02AUG2022,994/21:31: 2-705,51,994/21:31: 2-705,,10,1,3050,4165,4147,4048,3116,3142,4138,4017,4175,3073,855
02AUG2022,996/ 4:38: 5-103,608,22859-16752-103-5,10,10,0,1236,1530,1723,1579,1640,1503,1682,1858,1668,1245,856
02AUG2022,996/ 6:10:50-103,664,22859-22086-103-6,10,10,0,1236,1530,1723,1579,1640,1503,1682,1858,1668,1245,857
02AUG2022,996/ 7:39: 9-103,738,22859-27552-103-5,10,10,0,1236,1530,1723,1579,1640,1503,1682,1858,1668,1245,858
02AUG2022,996/ 9: 8: 4-103,814,22859-32886-103-6,10,10,0,1236,1530,1723,1579,1640,1503,1682,1858,1668,1245,859
02AUG2022,996/10:35: 2-102,26,996/10:35: 2-102,,10,0,1236,1530,1723,1579,1640,1503,1682,1858,1668,1245,860
