Id,RevDate,RunKey,Route,SDispatch,SchedTrain,ActOrigin,ActDest,SchedOrigin,SchedDest,EOLDelay,TotalDelay,DelayCount,DelayCodes,PassDelay,PDelay,Locs,Exits,HPOT,LPOT,UPOT
1,15NOV2022,1,220,,,26,34,,,,,,,,,,,,,
2,15NOV2022,2,220,,,27,28,,,,,,,,,,,,,
3,15NOV2022,3,190,,,8,43,,,,,,,,,,,,,
4,15NOV2022,4,770,,,15,18,,,,,,,,,,,,,
5,15NOV2022,5,190,,,8,43,,,,,,,,,,,,,
6,15NOV2022,6,110,,,8,9,,,,,,,,,,,,,
7,15NOV2022,7,2,04:56,315,48,18,34,18,772,782,1,LR,,,M90,65,21,41,41
8,15NOV2022,8,770,,,15,18,,,,,,,,,,,,,
9,15NOV2022,9,770,,,15,18,,,,,,,,,,,,,
10,15NOV2022,10,770,,,15,17,,,,,,,,,,,,,
11,15NOV2022,11,770,,,15,16,,,,,,,,,,,,,
12,15NOV2022,12,770,,,17,18,,,,,,,,,,,,,
13,15NOV2022,13,340,,,45,48,,,,,,,,,,,,,
14,15NOV2022,14,190,,,8,42,,,,,,,,,,,,,
15,15NOV2022,15,460,,,48,40,,,,,,,,,,,,,
16,15NOV2022,16,960,,,41,40,,,,,,,,,,,,,
17,15NOV2022,17,140,,,7,48,,,,,,,,,,,,,
18,15NOV2022,18,810,,,24,7,,,,,,,,,,,,,
19,15NOV2022,19,910,,,42,8,,,,,,,,,,,,,
20,15NOV2022,20,190,,,8,43,,,,,,,,,,,,,
21,15NOV2022,21,910,,,43,8,,,,,,,,,,,,,
22,15NOV2022,22,310,,,46,7,,,,,,,,,,,,,
23,15NOV2022,23,910,,,42,8,,,,,,,,,,,,,
24,15NOV2022,24,770,,,18,15,,,,,,,,,,,,,
25,15NOV2022,25,660,,,39,40,,,,,,,,,,,,,
26,15NOV2022,26,770,,,15,18,,,,,,,,,,,,,
27,15NOV2022,27,280,,,34,24,,,,,,,,,,,,,
28,15NOV2022,28,770,,,18,15,,,,,,,,,,,,,
29,15NOV2022,29,770,,,15,17,,,,,,,,,,,,,
30,15NOV2022,30,770,,,18,15,,,,,,,,,,,,,
31,15NOV2022,31,910,,,43,8,,,,,,,,,,,,,
32,15NOV2022,32,910,,,43,8,,,,,,,,,,,,,
33,15NOV2022,33,770,,,15,18,,,,,,,,,,,,,
34,15NOV2022,34,910,,,42,8,,,,,,,,,,,,,
35,15NOV2022,35,910,,,43,8,,,,,,,,,,,,,
36,15NOV2022,36,770,,,18,15,,,,,,,,,,,,,
37,15NOV2022,37,170,,,7,14,,,,,,,,,,,,,
38,15NOV2022,38,170,,,7,14,,,,,,,,,,,,,
39,15NOV2022,39,910,,,43,8,,,,,,,,,,,,,
40,15NOV2022,40,770,,,15,18,,,,,,,,,,,,,
41,15NOV2022,41,430,,,48,45,,,,,,,,,,,,,
42,15NOV2022,42,770,,,18,15,,,,,,,,,,,,,
43,15NOV2022,43,770,,,18,15,,,,,,,,,,,,,
44,15NOV2022,44,910,,,43,8,,,,,,,,,,,,,
45,15NOV2022,45,770,,,18,15,,,,,,,,,,,,,
46,15NOV2022,46,950,,,43,21,,,,,,,,,,,,,
47,15NOV2022,47,430,,,48,47,,,,,,,,,,,,,
48,15NOV2022,48,910,,,42,8,,,,,,,,,,,,,
49,15NOV2022,49,710,,,14,7,,,,,,,,,,,,,
50,15NOV2022,50,710,,,14,7,,,,,,,,,,,,,
51,15NOV2022,51,520,,,21,25,,,,,,,,,,,,,
52,15NOV2022,52,110,,,1,7,,,,,,,,,,,,,
53,15NOV2022,53,150,,,7,19,,,,,,,,,,,,,
54,15NOV2022,54,770,,,18,15,,,,,,,,,,,,,
55,15NOV2022,55,510,,,19,7,,,,,,,,,,,,,
56,15NOV2022,56,910,,,43,8,,,,,,,,,,,,,
57,15NOV2022,57,430,,,48,47,,,,,,,,,,,,,
58,15NOV2022,58,770,,,18,15,,,,,,,,,,,,,
59,15NOV2022,59,770,,,18,15,,,,,,,,,,,,,
60,15NOV2022,60,770,,,18,15,,,,,,,,,,,,,
61,15NOV2022,61,430,,,48,47,,,,,,,,,,,,,
62,15NOV2022,62,6,10:00,113,34,43,34,43,-19,,,,,,,119,,15,5
63,15NOV2022,63,1,10:00,319,18,48,18,48,93,,,,,,,452,76,113,87
64,15NOV2022,64,3,10:00,221,43,40,43,40,55,,,,,,,135,22,24,19
65,15NOV2022,65,8,10:03,405,,,47,40,,,1,HL,,,W40,,,,
66,15NOV2022,66,4,10:04,209,40,43,40,43,43,,,,,,,70,,4,
67,15NOV2022,67,5,10:04,101,43,34,43,34,57,,,,,,,138,,1,
68,15NOV2022,68,12,10:06,513,34,24,34,24,52,,,,,,,93,,29,17
69,15NOV2022,69,13,10:09,409,47,48,47,48,213,,,,,,,1,,,
70,15NOV2022,70,14,10:11,407,48,47,48,47,15,,,,,,,2,,3,3
71,15NOV2022,71,2,10:12,307,48,16,48,18,,,1,OL,1,,C70,219,36,38,33
72,15NOV2022,72,,,,,,,,,,,,,,,,,,
73,15NOV2022,73,7,10:13,419,,,40,47,,,1,HL,,,R60,,,,
74,15NOV2022,74,11,10:13,503,24,34,24,34,144,,,,,,,69,,4,4
75,15NOV2022,75,6,10:15,115,34,43,34,43,-30,,,,,,,119,,3,
76,15NOV2022,76,1,10:15,321,18,48,18,48,182,,,,,,,304,,12,5
77,15NOV2022,77,3,10:15,223,43,40,43,40,56,,,,,,,108,,5,2
78,15NOV2022,78,8,10:18,407,47,40,47,40,54,,,,,,,225,24,27,21
79,15NOV2022,79,5,10:19,103,43,34,43,34,33,,,,,,,107,,7,1
80,15NOV2022,80,4,10:19,211,40,43,40,43,-29,,,,,,,87,26,22,17
81,15NOV2022,81,12,10:21,515,34,24,34,24,39,,,,,,,108,,10,1
82,15NOV2022,82,13,10:24,411,47,48,47,48,32,,,,,,,4,,,
83,15NOV2022,83,14,10:26,409,48,47,48,47,-10,,,,,,,1,,1,1
84,15NOV2022,84,2,10:27,309,48,18,48,18,28,,,,,,,153,,6,2
85,15NOV2022,85,7,10:28,421,40,47,40,47,-13,,,,,,,200,47,25,24
86,15NOV2022,86,11,10:28,505,24,34,24,34,142,,,,,,,86,,3,
87,15NOV2022,87,6,10:30,117,34,43,34,43,294,522,1,LA,6,0.87,M90,115,31,27,24
88,15NOV2022,88,1,10:30,323,18,48,18,48,239,,,,,,,243,,10,1
89,15NOV2022,89,3,10:30,201,43,40,43,40,97,,,,,,,101,,2,1
90,15NOV2022,90,8,10:33,409,47,40,47,40,,,,,,,,130,3,8,8
91,15NOV2022,91,4,10:34,213,40,43,40,43,-33,,,,,,,107,,5,
92,15NOV2022,92,5,10:34,105,43,34,43,34,48,,,,,,,119,,7,2
93,15NOV2022,93,12,10:36,517,34,24,34,24,168,,,,,,,87,1,6,4
94,15NOV2022,94,13,10:39,413,47,48,47,48,147,,,,,,,3,,,
95,15NOV2022,95,14,10:41,411,48,47,48,47,-14,,,,,,,2,,,
96,15NOV2022,96,2,10:42,311,48,18,48,18,53,,,,,,,145,,5,
97,15NOV2022,97,7,10:43,423,40,47,40,47,-15,,,,,,,188,,18,2
98,15NOV2022,98,11,10:43,507,24,34,24,34,113,,,,,,,88,,2,
99,15NOV2022,99,6,10:45,119,34,43,34,43,299,414,1,LD,2,0.23,M90,101,12,11,10
100,15NOV2022,100,1,10:45,325,18,48,18,48,176,,,,,,,215,,8,3
101,15NOV2022,101,3,10:45,203,43,40,43,40,80,,,,,,,114,,5,
102,15NOV2022,102,8,10:48,411,47,40,47,40,21,,,,,,,125,1,6,2
103,15NOV2022,103,5,10:49,107,43,34,43,34,51,,,,,,,115,,2,
104,15NOV2022,104,4,10:49,215,40,43,40,43,271,,,,,,,68,4,8,3
105,15NOV2022,105,12,10:51,519,34,24,34,24,217,,,,,,,62,,1,
106,15NOV2022,106,13,10:54,415,47,48,47,48,39,,,,,,,4,,,
107,15NOV2022,107,14,10:56,413,48,47,48,47,6,,,,,,,5,,,
108,15NOV2022,108,2,10:57,313,48,18,48,18,31,,,,,,,183,,9,1
109,15NOV2022,109,7,10:58,401,40,47,40,47,65,357,1,LD,15,1.4875,R60,224,,4,1
110,15NOV2022,110,11,10:58,509,24,34,24,34,42,,,,,,,89,,6,
111,15NOV2022,111,6,11:00,121,34,43,34,43,301,330,1,LA,13,1.19166666666667,M90,103,23,33,27
112,15NOV2022,112,1,11:00,301,18,48,18,48,140,,,,,,,246,2,11,6
113,15NOV2022,113,3,11:00,205,43,40,43,40,160,,,,,,,114,,2,2
114,15NOV2022,114,8,11:03,413,47,40,47,40,41,,,,,,,122,2,7,5
115,15NOV2022,115,5,11:04,109,43,34,43,34,90,,,,,,,106,,7,
116,15NOV2022,116,4,11:04,217,40,43,40,43,-19,,,,,,,77,7,12,9
117,15NOV2022,117,12,11:06,501,34,24,34,24,206,,,,,,,69,1,8,5
118,15NOV2022,118,13,11:09,417,47,48,47,48,26,,,,,,,6,,,
119,15NOV2022,119,14,11:11,415,48,47,48,47,-14,,,,,,,4,,1,1
120,15NOV2022,120,2,11:12,315,48,18,48,18,101,,,,,,,262,,9,2
121,15NOV2022,121,7,11:13,403,40,47,40,47,-45,,,,,,,177,,13,9
122,15NOV2022,122,11,11:13,511,24,34,24,34,112,,,,,,,106,,3,
123,15NOV2022,123,6,11:15,123,34,43,34,43,316,,,,,,,89,2,3,3
124,15NOV2022,124,1,11:15,303,18,48,18,48,92,,,,,,,235,,8,1
125,15NOV2022,125,3,11:15,207,43,40,43,40,202,342,1,LR,19,1.6625,A70,127,27,32,27
126,15NOV2022,126,8,11:18,415,47,40,47,40,32,,,,,,,111,,4,3
127,15NOV2022,127,5,11:19,111,43,34,43,34,426,385,1,CD,69,3.71805555555556,A50,138,44,49,39
128,15NOV2022,128,4,11:19,219,40,43,40,43,297,,1,ND,53,,K10,88,,6,4
129,15NOV2022,129,12,11:21,503,34,24,34,24,93,,,,,,,65,,1,1
130,15NOV2022,130,13,11:24,419,,,47,48,,,1,HL,,,W40,,,,
131,15NOV2022,131,14,11:26,417,48,47,48,47,-6,,,,,,,5,,1,1
132,15NOV2022,132,2,11:27,317,48,18,48,18,21,,,,,,,202,,4,
133,15NOV2022,133,7,11:28,405,40,47,40,47,5,,,,,,,159,,5,2
134,15NOV2022,134,11,11:28,513,24,34,24,34,115,,,,,,,74,,1,
135,15NOV2022,135,6,11:30,101,34,43,34,43,236,,,,,,,124,,16,10
136,15NOV2022,136,1,11:30,305,18,48,18,48,191,,,,,,,240,,6,
137,15NOV2022,137,3,11:30,209,43,40,43,40,99,,,,,,,131,,9,4
138,15NOV2022,138,8,11:33,417,47,40,47,40,54,,,,,,,89,1,6,4
139,15NOV2022,139,4,11:34,221,40,43,40,43,274,,,,,,,83,,7,3
140,15NOV2022,140,5,11:34,113,43,34,43,34,66,,,,,,,88,,5,2
141,15NOV2022,141,12,11:36,505,34,24,34,24,212,,,,,,,86,,6,
142,15NOV2022,142,13,11:39,421,47,48,47,48,-4,,,,,,,8,,,
143,15NOV2022,143,14,11:41,419,,,48,47,,,1,HL,,,Y10,,,,
144,15NOV2022,144,2,11:42,319,48,18,48,18,92,,,,,,,207,,7,4
145,15NOV2022,145,7,11:43,407,40,47,40,47,15,,,,,,,153,,5,
146,15NOV2022,146,11,11:43,515,24,34,24,34,315,357,1,DH,27,57.2941666666667,L20,81,2,33,28
147,15NOV2022,147,6,11:45,103,34,43,34,43,179,,,,,,,127,,12,6
148,15NOV2022,148,1,11:45,307,18,48,18,48,423,,,,,,,234,90,117,107
149,15NOV2022,149,3,11:45,211,43,40,43,40,139,,,,,,,134,18,24,16
150,15NOV2022,150,8,11:48,419,,,47,40,,,1,HL,,,W40,,,,
151,15NOV2022,151,5,11:49,115,43,34,43,34,42,,,,,,,120,,2,
152,15NOV2022,152,4,11:49,223,40,43,40,43,156,,,,,,,64,,4,2
153,15NOV2022,153,12,11:51,507,34,24,34,24,100,,,,,,,76,,4,
154,15NOV2022,154,13,11:54,423,47,48,47,48,28,,,,,,,7,,,
155,15NOV2022,155,14,11:56,421,48,47,48,47,-5,,,,,,,15,,3,2
156,15NOV2022,156,2,11:57,321,48,18,48,18,187,,1,ND,58,,C40,264,14,23,17
157,15NOV2022,157,7,11:58,409,40,47,40,47,153,,,,,,,193,,8,4
158,15NOV2022,158,11,11:58,517,24,34,24,34,77,,,,,,,93,,6,
159,15NOV2022,159,6,12:00,105,34,43,34,43,217,,,,,,,112,,5,
160,15NOV2022,160,1,12:00,309,18,48,18,48,394,389,1,LR,25,2.70138888888889,Y10,180,,33,28
161,15NOV2022,161,3,12:00,213,43,40,43,40,60,,,,,,,113,,9,3
162,15NOV2022,162,8,12:03,421,47,40,47,40,11,,,,,,,133,39,37,32
163,15NOV2022,163,4,12:04,201,40,43,40,43,245,,,,,,,74,,6,3
164,15NOV2022,164,5,12:04,117,43,34,43,34,37,,,,,,,130,,7,2
165,15NOV2022,165,12,12:06,509,34,24,34,24,144,,,,,,,136,5,6,
166,15NOV2022,166,13,12:09,401,47,48,47,48,202,,,,,,,6,,,
167,15NOV2022,167,14,12:11,423,48,47,48,47,13,,,,,,,3,,1,1
168,15NOV2022,168,2,12:12,323,48,18,48,18,166,,,,,,,217,,7,1
169,15NOV2022,169,7,12:13,411,40,47,40,47,153,,,,,,,122,,5,4
170,15NOV2022,170,11,12:13,519,24,34,24,34,54,,,,,,,85,,3,
171,15NOV2022,171,6,12:15,107,34,43,34,43,405,,1,ND,27,,A60,118,19,26,21
172,15NOV2022,172,1,12:15,311,18,48,18,48,92,,,,,,,235,,10,2
173,15NOV2022,173,3,12:15,215,43,40,43,40,236,334,1,AD,0.0580555555555556,,A90,189,30,42,40
174,15NOV2022,174,8,12:18,423,47,40,47,40,30,,,,,,,126,3,7,3
175,15NOV2022,175,5,12:19,119,43,34,43,34,814,,1,ND,31,,A60,69,25,30,23
176,15NOV2022,176,4,12:19,203,40,43,40,43,595,327,1,LR,11,1.00222222222222,S20,108,3,17,15
177,15NOV2022,177,12,12:21,511,34,24,34,24,263,,,,,,,87,,5,2
178,15NOV2022,178,13,12:24,403,47,48,47,48,144,,,,,,,2,,,
179,15NOV2022,179,14,12:26,401,48,47,48,47,8,,,,,,,2,,1,1
180,15NOV2022,180,2,12:27,325,48,18,48,18,36,,,,,,,223,,9,3
181,15NOV2022,181,7,12:28,413,40,47,40,47,-5,,,,,,,162,,4,
182,15NOV2022,182,11,12:28,501,24,34,24,34,81,,,,,,,90,,3,
183,15NOV2022,183,6,12:30,109,34,43,34,43,291,,,,,,,94,1,6,1
184,15NOV2022,184,1,12:30,313,18,48,18,48,244,,,,,,,234,,11,
185,15NOV2022,185,3,12:30,217,43,40,43,40,702,589,2,ND LR,61,5.99,A60 K10,127,64,77,73
186,15NOV2022,186,8,12:33,401,47,40,47,40,106,,,,,,,161,6,17,8
187,15NOV2022,187,5,12:34,121,43,34,43,34,159,,,,,,,165,,14,12
188,15NOV2022,188,4,12:34,205,40,43,40,43,297,,,,,,,75,4,7,4
189,15NOV2022,189,12,12:36,513,34,24,34,24,98,,,,,,,134,2,14,5
190,15NOV2022,190,13,12:39,405,47,48,47,48,229,,,,,,,2,,,
191,15NOV2022,191,14,12:41,403,48,47,48,47,-26,,,,,,,3,,,
192,15NOV2022,192,2,12:42,301,48,18,48,18,674,737,1,LR,126,26.32,K10,275,121,158,151
193,15NOV2022,193,7,12:43,415,40,47,40,47,2,,,,,,,191,,2,
194,15NOV2022,194,11,12:43,503,24,34,24,34,1,,,,,,,121,29,24,15
195,15NOV2022,195,6,12:45,111,34,43,34,43,251,,,,,,,234,3,44,12
196,15NOV2022,196,1,12:45,315,18,48,18,48,413,308,1,CD,138,6.13888888888889,K20,216,64,82,75
197,15NOV2022,197,3,12:45,219,43,40,43,40,314,,1,ND,13,,A60,84,40,41,41
198,15NOV2022,198,8,12:48,403,47,40,47,40,454,523,1,LR,63,9.1875,K10,136,59,65,61
199,15NOV2022,199,5,12:49,123,43,34,43,34,300,,,,,,,95,6,17,9
200,15NOV2022,200,4,12:49,207,40,43,40,43,386,,,,,,,73,1,12,8
201,15NOV2022,201,12,12:51,515,34,24,34,24,125,,,,,,,88,,6,
202,15NOV2022,202,13,12:54,407,47,48,47,48,14,,,,,,,1,,,
203,15NOV2022,203,14,12:56,405,48,47,48,47,-11,,,,,,,4,,1,1
204,15NOV2022,204,2,12:57,303,48,18,48,18,285,,,,,,,236,3,12,9
205,15NOV2022,205,7,12:58,417,40,47,40,47,248,,,,,,,176,17,29,25
206,15NOV2022,206,11,12:58,505,24,34,24,34,174,,,,,,,59,,5,1
207,15NOV2022,207,6,13:00,113,34,43,34,43,310,,,,,,,100,1,14,10
208,15NOV2022,208,1,13:00,317,18,48,18,48,86,,,,,,,295,19,42,24
209,15NOV2022,209,3,13:00,221,43,40,43,40,77,,,,,,,131,,25,8
210,15NOV2022,210,8,13:03,405,47,40,47,40,56,,,,,,,151,7,17,8
211,15NOV2022,211,5,13:04,101,43,34,43,34,44,382,1,AD,0.0261111111111111,,S20,115,,10,1
212,15NOV2022,212,4,13:04,209,40,43,40,43,853,652,1,DH,46,57.2941666666667,K30,106,53,54,49
213,15NOV2022,213,12,13:06,517,34,24,34,24,342,328,1,LR,56,5.50666666666667,A10,127,31,46,39
214,15NOV2022,214,13,13:09,409,47,48,47,48,146,,,,,,,2,,,
215,15NOV2022,215,14,13:11,407,48,47,48,47,13,,,,,,,7,,,
216,15NOV2022,216,2,13:12,305,48,18,48,18,94,,,,,,,351,,12,8
217,15NOV2022,217,7,13:13,419,,,40,47,,,1,HL,,,R60,,,,
218,15NOV2022,218,11,13:13,507,24,34,24,34,201,,,,,,,64,3,6,5
219,15NOV2022,219,6,13:15,115,34,43,34,43,311,,,,,,,86,2,15,11
220,15NOV2022,220,1,13:15,319,18,48,18,48,153,,,,,,,195,,6,1
221,15NOV2022,221,3,13:15,223,43,40,43,40,75,,,,,,,99,,4,3
222,15NOV2022,222,8,13:18,407,47,40,47,40,21,,,,,,,160,3,14,3
223,15NOV2022,223,5,13:19,103,43,34,43,34,96,,,,,,,170,,5,1
224,15NOV2022,224,4,13:19,211,40,43,40,43,534,347,1,AD,0.0416666666666667,,S40,98,44,34,31
225,15NOV2022,225,12,13:21,519,34,24,34,24,118,,,,,,,113,1,12,12
226,15NOV2022,226,13,13:24,411,47,48,47,48,42,,,,,,,3,,,
227,15NOV2022,227,14,13:26,409,48,47,48,47,24,,,,,,,6,,,
228,15NOV2022,228,2,13:27,307,48,18,48,18,631,655,2,LD AD,93.085,8.99,Y10 C88,455,89,102,85
229,15NOV2022,229,7,13:28,421,40,47,40,47,-7,,,,,,,262,40,37,28
230,15NOV2022,230,11,13:28,509,24,34,24,34,84,,,,,,,108,,3,
231,15NOV2022,231,6,13:30,117,34,43,34,43,290,,,,,,,155,,7,3
232,15NOV2022,232,1,13:30,321,18,48,18,48,284,,,,,,,267,28,47,38
233,15NOV2022,233,3,13:30,201,43,40,43,40,327,,,,,,,192,102,100,92
234,15NOV2022,234,8,13:33,409,47,40,47,40,14,,,,,,,204,6,37,23
235,15NOV2022,235,4,13:34,213,40,43,40,43,366,,,,,,,84,3,17,9
236,15NOV2022,236,5,13:34,105,,,43,34,,,1,HL,,,S50,,,,
237,15NOV2022,237,12,13:36,501,34,24,34,24,140,,,,,,,128,1,6,3
238,15NOV2022,238,13,13:39,413,47,48,47,48,158,,,,,,,2,,,
239,15NOV2022,239,14,13:41,411,48,47,48,47,54,,,,,,,2,,1,1
240,15NOV2022,240,2,13:42,309,48,18,48,18,332,,,,,,,314,136,139,128
241,15NOV2022,241,7,13:43,423,40,47,40,47,11,,,,,,,206,,8,5
242,15NOV2022,242,11,13:43,511,24,34,24,34,151,,,,,,,72,,1,
243,15NOV2022,243,6,13:45,119,34,43,34,43,620,666,1,LA,6,1.11,M90,172,42,35,28
244,15NOV2022,244,1,13:45,323,18,48,18,48,216,401,1,DH,44,57.2941666666667,C30,323,11,50,41
245,15NOV2022,245,3,13:45,203,43,40,43,40,578,451,1,LA,20,2.50555555555556,S50,119,27,41,40
246,15NOV2022,246,8,13:48,411,47,40,47,40,99,,,,,,,248,3,16,2
247,15NOV2022,247,5,13:49,107,43,34,43,34,257,,,,,,,148,46,50,44
248,15NOV2022,248,4,13:49,215,40,43,40,43,177,,,,,,,114,12,22,16
249,15NOV2022,249,12,13:51,503,34,24,34,24,90,,,,,,,192,44,44,38
250,15NOV2022,250,13,13:54,415,47,48,47,48,21,,,,,,,3,,,
251,15NOV2022,251,14,13:56,413,48,47,48,47,-13,,,,,,,6,,,
252,15NOV2022,252,2,13:57,311,48,18,48,18,39,,,,,,,396,4,6,9
253,15NOV2022,253,7,13:58,401,40,47,40,47,36,,,,,,,218,,11,3
254,15NOV2022,254,11,13:58,513,24,34,24,34,29,,,,,,,128,35,40,31
255,15NOV2022,255,6,14:00,121,34,43,34,43,148,,,,,,,123,,14,4
256,15NOV2022,256,1,14:00,325,18,48,18,48,264,308,1,LR,28,2.39555555555556,Y10,235,,7,2
257,15NOV2022,257,3,14:00,205,43,40,43,40,647,630,1,LD,9,1.575,S50,135,58,55,49
258,15NOV2022,258,8,14:03,413,47,40,47,40,-2,,,,,,,286,33,47,39
259,15NOV2022,259,4,14:04,217,40,43,40,43,333,,,,,,,87,1,14,10
260,15NOV2022,260,5,14:04,109,,,43,34,,,1,HL,,,S50,,,,
261,15NOV2022,261,12,14:06,505,34,24,34,24,92,,,,,,,244,1,10,2
262,15NOV2022,262,13,14:09,417,47,48,47,48,141,,,,,,,5,,,
263,15NOV2022,263,14,14:11,415,48,47,48,47,42,,,,,,,9,,1,1
264,15NOV2022,264,2,14:12,313,48,18,48,18,21,,,,,,,412,9,19,16
265,15NOV2022,265,7,14:13,403,40,47,40,47,-2,,,,,,,190,,2,1
266,15NOV2022,266,11,14:13,515,24,34,24,34,189,336,1,AD,0.0175,,L20,126,2,3,5
267,15NOV2022,267,6,14:15,123,34,43,34,43,162,,,,,,,193,,14,10
268,15NOV2022,268,1,14:15,301,18,48,18,48,231,,,,,,,384,,11,3
269,15NOV2022,269,3,14:15,207,43,40,43,40,74,,,,,,,128,,4,
270,15NOV2022,270,8,14:18,415,47,40,47,40,28,,,,,,,285,19,29,23
271,15NOV2022,271,5,14:19,111,43,34,43,34,322,384,1,AD,0.0647222222222222,,S20,164,50,59,48
272,15NOV2022,272,4,14:19,219,40,43,40,43,260,,,,,,,121,1,12,6
273,15NOV2022,273,12,14:21,507,34,24,34,24,102,,,,,,,168,2,6,2
274,15NOV2022,274,13,14:24,419,,,47,48,,,1,HL,,,W40,,,,
275,15NOV2022,275,14,14:26,417,48,47,48,47,-15,,,,,,,7,,3,3
276,15NOV2022,276,2,14:27,315,48,18,48,18,66,,,,,,,505,,13,34
277,15NOV2022,277,7,14:28,405,40,47,40,47,-33,,,,,,,223,3,6,2
278,15NOV2022,278,11,14:28,517,24,34,24,34,-15,,,,,,,185,20,23,17
279,15NOV2022,279,6,14:30,101,34,43,34,43,316,,,,,,,259,,25,14
280,15NOV2022,280,1,14:30,303,18,48,18,48,131,,,,,,,307,,11,1
281,15NOV2022,281,3,14:30,209,43,40,43,40,652,683,1,LD,9,1.7075,S50,332,129,94,78
282,15NOV2022,282,8,14:33,417,47,40,47,40,59,,,,,,,225,3,11,5
283,15NOV2022,283,4,14:34,221,40,43,40,43,260,,,,,,,95,,11,5
284,15NOV2022,284,5,14:34,113,43,34,43,34,237,,,,,,,148,20,24,16
285,15NOV2022,285,12,14:36,509,34,24,34,24,111,,,,,,,187,1,9,4
286,15NOV2022,286,13,14:39,421,47,48,47,48,-30,,,,,,,3,,,
287,15NOV2022,287,14,14:41,419,,,48,47,,,1,HL,,,Y10,,,,
288,15NOV2022,288,2,14:42,317,48,18,48,18,47,,,,,,,621,6,5,1
289,15NOV2022,289,7,14:43,407,40,47,40,47,-10,,,,,,,271,,3,
290,15NOV2022,290,11,14:43,519,24,34,24,34,231,,,,,,,90,,20,13
291,15NOV2022,291,6,14:45,103,34,43,34,43,90,,,,,,,234,,4,
292,15NOV2022,292,1,14:45,305,18,48,18,48,122,,,,,,,332,,14,3
293,15NOV2022,293,3,14:45,211,43,40,43,40,155,374,1,LA,4,0.415555555555556,S50,247,40,60,51
294,15NOV2022,294,8,14:48,419,,,47,40,,,1,HL,,,W40,,,,
295,15NOV2022,295,5,14:49,115,43,34,43,34,366,393,1,LD,18,1.965,S50,256,30,59,48
296,15NOV2022,296,4,14:49,223,40,43,40,43,334,,,,,,,118,4,14,8
297,15NOV2022,297,12,14:51,511,34,24,34,24,102,,,,,,,262,,13,2
298,15NOV2022,298,13,14:54,423,47,48,47,48,138,,,,,,,1,,,
299,15NOV2022,299,14,14:56,421,48,47,48,47,-21,,,,,,,6,,1,1
300,15NOV2022,300,2,14:57,319,48,18,48,18,427,,,,,,,679,126,103,96
301,15NOV2022,301,7,14:58,409,40,47,40,47,56,,,,,,,286,,4,3
302,15NOV2022,302,11,14:58,501,24,34,24,34,159,,,,,,,81,,7,
303,15NOV2022,303,6,15:00,105,,,34,43,,,1,HL,,,M90,,,,
304,15NOV2022,304,1,15:00,307,18,48,18,48,91,,,,,,,390,,14,1
305,15NOV2022,305,3,15:00,213,43,40,43,40,105,,,,,,,210,1,7,2
306,15NOV2022,306,8,15:03,421,47,40,47,40,100,,,,,,,407,117,83,69
307,15NOV2022,307,5,15:04,117,43,34,43,34,60,,,,,,,271,,7,2
308,15NOV2022,308,4,15:04,201,40,43,40,43,417,408,1,AD,0.1125,,S50,220,13,37,24
309,15NOV2022,309,12,15:06,513,34,24,34,24,86,,,,,,,458,28,123,98
310,15NOV2022,310,13,15:09,401,47,48,47,48,32,,,,,,,1,,,
311,15NOV2022,311,14,15:11,423,48,47,48,47,-23,,,,,,,8,,2,2
312,15NOV2022,312,2,15:12,321,48,18,48,18,189,,,,,,,763,,16,7
313,15NOV2022,313,7,15:13,411,40,47,40,47,1,,,,,,,318,,19,3
314,15NOV2022,314,11,15:13,503,24,34,24,34,284,,,,,,,108,,10,3
315,15NOV2022,315,6,15:15,107,34,43,34,43,220,,,,,,,492,105,48,44
316,15NOV2022,316,1,15:15,309,18,48,18,48,104,,,,,,,445,,10,1
317,15NOV2022,317,3,15:15,215,43,40,43,40,214,,,,,,,303,,7,3
318,15NOV2022,318,8,15:18,423,47,40,47,40,33,,,,,,,408,11,18,15
319,15NOV2022,319,5,15:19,119,43,34,43,34,84,,,,,,,265,,12,4
320,15NOV2022,320,4,15:19,203,40,43,40,43,288,,,,,,,146,,7,7
321,15NOV2022,321,12,15:21,515,34,24,34,24,139,,,,,,,261,,12,2
322,15NOV2022,322,13,15:24,403,47,48,47,48,37,,,,,,,3,,,
323,15NOV2022,323,14,15:26,401,48,47,48,47,22,,,,,,,1,,,
324,15NOV2022,324,2,15:27,323,48,18,48,18,562,,,,,,,935,498,552,528
325,15NOV2022,325,7,15:28,413,40,47,40,47,15,,,,,,,339,,11,2
326,15NOV2022,326,11,15:28,505,24,34,24,34,112,,,,,,,121,,3,
327,15NOV2022,327,6,15:30,109,,,34,43,,,1,HL,,,M90,,,,
328,15NOV2022,328,1,15:30,311,18,48,18,48,553,574,1,LR,98,15.2444444444444,K20,656,155,135,119
329,15NOV2022,329,3,15:30,217,43,40,43,40,239,309,1,AD,0.0152777777777778,,A90,339,3,13,6
330,15NOV2022,330,8,15:33,401,47,40,47,40,103,,,,,,,444,3,24,7
331,15NOV2022,331,4,15:34,205,40,43,40,43,254,,,,,,,305,8,27,19
332,15NOV2022,332,5,15:34,121,43,34,43,34,53,347,1,AD,0.0302777777777778,,A90,244,,15,10
333,15NOV2022,333,12,15:36,517,34,24,34,24,79,,,,,,,468,105,91,75
334,15NOV2022,334,13,15:39,405,47,48,47,48,336,306,1,LR,2,0.17,Y10,1,,1,1
335,15NOV2022,335,14,15:41,403,48,47,48,47,16,,,,,,,5,,1,1
336,15NOV2022,336,2,15:42,325,48,18,48,18,532,,,,,,,1174,643,572,523
337,15NOV2022,337,7,15:43,415,40,47,40,47,-39,,,,,,,395,,8,2
338,15NOV2022,338,11,15:43,507,24,34,24,34,50,,,,,,,247,,6,
339,15NOV2022,339,6,15:45,111,34,43,34,43,103,,,,,,,549,98,68,50
340,15NOV2022,340,1,15:45,313,18,48,18,48,284,,,,,,,346,72,50,44
341,15NOV2022,341,3,15:45,219,43,40,43,40,89,,,,,,,277,,11,1
342,15NOV2022,342,8,15:48,403,47,40,47,40,174,,,,,,,487,5,14,8
343,15NOV2022,343,5,15:49,123,43,34,43,34,41,,,,,,,342,54,38,24
344,15NOV2022,344,4,15:49,207,40,43,40,43,616,413,1,LR,100,11.9722222222222,K20,311,130,180,164
345,15NOV2022,345,12,15:51,519,34,24,34,24,136,,,,,,,436,4,20,2
346,15NOV2022,346,13,15:54,407,47,48,47,48,182,,,,,,,3,,,
347,15NOV2022,347,14,15:56,405,48,47,48,47,-8,,,,,,,2,,,
348,15NOV2022,348,2,15:57,301,48,18,48,18,82,,,,,,,849,11,19,7
349,15NOV2022,349,7,15:58,417,40,47,40,47,413,458,1,AD,0.0436111111111111,,K20,366,66,126,114
350,15NOV2022,350,11,15:58,509,24,34,24,34,52,,,,,,,154,1,4,
351,15NOV2022,351,6,16:00,113,34,43,34,43,258,,,,,,,411,,21,12
352,15NOV2022,352,1,16:00,315,18,48,18,48,91,,,,,,,485,72,98,70
353,15NOV2022,353,3,16:00,221,43,40,43,40,38,,,,,,,336,,4,
354,15NOV2022,354,8,16:03,405,47,40,47,40,39,,,,,,,480,3,15,6
355,15NOV2022,355,5,16:04,101,43,34,43,34,35,,,,,,,431,1,13,2
356,15NOV2022,356,4,16:04,209,40,43,40,43,446,458,1,AD,0.166944444444444,,A10,248,123,124,103
357,15NOV2022,357,12,16:06,501,34,24,34,24,339,,,,,,,491,168,291,257
358,15NOV2022,358,13,16:09,409,47,48,47,48,138,,,,,,,2,,,
359,15NOV2022,359,14,16:11,407,48,47,48,47,-1,,,,,,,6,,1,
360,15NOV2022,360,2,16:12,303,48,18,48,18,37,,,,,,,1036,,20,1
361,15NOV2022,361,7,16:13,419,,,40,47,,,1,HL,,,R60,,,,
362,15NOV2022,362,11,16:13,511,24,34,24,34,53,,,,,,,254,,8,1
363,15NOV2022,363,6,16:15,115,34,43,34,43,224,,,,,,,533,,9,
364,15NOV2022,364,1,16:15,317,18,48,18,48,32,,,,,,,454,,24,3
365,15NOV2022,365,3,16:15,223,43,40,43,40,63,,,,,,,429,,4,
366,15NOV2022,366,8,16:18,407,47,40,47,40,19,,,,,,,515,9,18,8
367,15NOV2022,367,5,16:19,103,43,34,43,34,43,363,1,AD,0.00888888888888889,,S20,378,,12,2
368,15NOV2022,368,4,16:19,211,40,43,40,43,356,290,1,LR,166,13.8333333333333,A10,292,141,177,163
369,15NOV2022,369,12,16:21,503,34,24,34,24,62,,,,,,,330,,10,
370,15NOV2022,370,13,16:24,411,47,48,47,48,116,,,,,,,6,,,
371,15NOV2022,371,14,16:26,409,48,47,48,47,-9,,,,,,,8,,2,2
372,15NOV2022,372,2,16:27,305,48,18,48,18,49,,,,,,,1120,,25,6
373,15NOV2022,373,7,16:28,421,40,47,40,47,-10,,,,,,,715,42,39,26
374,15NOV2022,374,11,16:28,513,24,34,24,34,71,,,,,,,248,,12,
375,15NOV2022,375,6,16:30,117,34,43,34,43,188,,,,,,,449,,12,3
376,15NOV2022,376,1,16:30,319,18,48,18,48,118,,,,,,,441,1,18,2
377,15NOV2022,377,3,16:30,201,43,40,43,40,191,,,,,,,382,,10,1
378,15NOV2022,378,8,16:33,409,47,40,47,40,27,,,,,,,581,4,12,4
379,15NOV2022,379,4,16:34,213,40,43,40,43,222,,,,,,,242,1,11,6
380,15NOV2022,380,5,16:34,105,,,43,34,,,1,HL,,,S50,,,,
381,15NOV2022,381,12,16:36,505,34,24,34,24,83,,,,,,,535,2,45,35
382,15NOV2022,382,13,16:39,413,47,48,47,48,111,,,,,,,1,,,
383,15NOV2022,383,14,16:41,411,48,47,48,47,68,,,,,,,10,,2,2
384,15NOV2022,384,2,16:42,307,48,18,48,18,228,,,,,,,1333,,28,51
385,15NOV2022,385,7,16:43,423,40,47,40,47,-6,,,,,,,732,,18,3
386,15NOV2022,386,11,16:43,515,24,34,24,34,96,,,,,,,215,,4,
387,15NOV2022,387,6,16:45,119,34,43,34,43,103,,,,,,,630,,9,1
388,15NOV2022,388,1,16:45,321,18,48,18,48,198,,,,,,,605,4,12,8
389,15NOV2022,389,3,16:45,203,43,40,43,40,81,,,,,,,393,1,9,1
390,15NOV2022,390,8,16:48,411,47,40,47,40,49,,,,,,,713,6,14,4
391,15NOV2022,391,5,16:49,107,43,34,43,34,67,345,1,AD,0.0622222222222222,,S20,317,24,39,26
392,15NOV2022,392,4,16:49,215,40,43,40,43,90,,,,,,,298,,12,3
393,15NOV2022,393,12,16:51,507,34,24,34,24,54,,,,,,,659,,16,2
394,15NOV2022,394,13,16:54,415,47,48,47,48,92,,,,,,,3,,,
395,15NOV2022,395,14,16:56,413,48,47,48,47,-9,,,,,,,4,,1,1
396,15NOV2022,396,2,16:57,309,48,18,48,18,56,,,,,,,1131,,32,32
397,15NOV2022,397,7,16:58,401,40,47,40,47,-1,,,,,,,603,,21,6
398,15NOV2022,398,11,16:58,517,24,34,24,34,12,,,,,,,341,34,64,48
399,15NOV2022,399,6,17:00,121,34,43,34,43,304,,,,,,,640,17,58,42
400,15NOV2022,400,1,17:00,323,18,48,18,48,464,373,1,LR,55,5.69861111111111,Y10,514,,49,40
401,15NOV2022,401,3,17:00,205,43,40,43,40,113,,,,,,,369,,13,2
402,15NOV2022,402,8,17:03,413,47,40,47,40,78,,,,,,,631,3,17,2
403,15NOV2022,403,4,17:04,217,40,43,40,43,306,,,,,,,226,1,15,15
404,15NOV2022,404,5,17:04,109,,,43,34,,,1,HL,,,S50,,,,
405,15NOV2022,405,12,17:06,509,34,24,34,24,73,,,,,,,617,,20,
406,15NOV2022,406,13,17:09,417,47,48,47,48,307,367,1,LA,5,0.509722222222222,W40,5,,1,1
407,15NOV2022,407,14,17:11,415,48,47,48,47,199,,,,,,,5,,3,3
408,15NOV2022,408,2,17:12,311,48,18,48,18,60,,,,,,,1119,,39,10
409,15NOV2022,409,7,17:13,403,40,47,40,47,-16,,,,,,,571,,16,2
410,15NOV2022,410,11,17:13,519,24,34,24,34,142,,,,,,,144,,8,
411,15NOV2022,411,6,17:15,123,34,43,34,43,468,363,1,LR,55,5.54583333333333,S40,580,26,72,49
412,15NOV2022,412,1,17:15,325,18,48,18,48,333,420,1,AD,0.0252777777777778,,C80,372,94,81,71
413,15NOV2022,413,3,17:15,207,43,40,43,40,1128,1247,2,LA DH,93,58.7494444444445,S50 R40,275,142,145,134
414,15NOV2022,414,8,17:18,415,47,40,47,40,25,,,,,,,573,2,16,5
415,15NOV2022,415,5,17:19,111,43,34,43,34,37,,,,,,,269,14,17,9
416,15NOV2022,416,4,17:19,219,40,43,40,43,445,417,1,AD,0.00194444444444444,,S40,171,3,23,17
417,15NOV2022,417,12,17:21,511,34,24,34,24,43,,,,,,,530,2,18,7
418,15NOV2022,418,13,17:24,419,,,47,48,,,1,HL,,,W40,,,,
419,15NOV2022,419,14,17:26,417,48,47,48,47,24,,,,,,,10,,3,3
420,15NOV2022,420,2,17:27,313,48,18,48,18,253,349,1,DH,591,57.2941666666667,K20,842,416,427,425
421,15NOV2022,421,7,17:28,405,40,47,40,47,5,,,,,,,419,,10,2
422,15NOV2022,422,11,17:28,501,24,34,24,34,10,,,,,,,423,41,159,138
423,15NOV2022,423,6,17:30,101,34,43,34,43,205,,,,,,,494,,10,1
424,15NOV2022,424,1,17:30,301,18,48,18,48,96,,,,,,,242,,11,2
425,15NOV2022,425,3,17:30,209,43,40,43,40,635,636,2,LD CD,217,9.215,S50 R20,199,91,92,84
426,15NOV2022,426,8,17:33,417,47,40,47,40,858,813,1,LR,205,46.2958333333333,R40,547,168,143,132
427,15NOV2022,427,5,17:34,113,43,34,43,34,30,,,,,,,159,9,11,10
428,15NOV2022,428,4,17:34,221,40,43,40,43,466,421,1,AD,0.0586111111111111,,S40,186,19,35,36
429,15NOV2022,429,12,17:36,513,34,24,34,24,29,,,,,,,388,1,19,2
430,15NOV2022,430,13,17:39,421,47,48,47,48,98,,,,,,,4,,2,2
431,15NOV2022,431,14,17:41,419,,,48,47,,,1,HL,,,Y10,,,,
432,15NOV2022,432,2,17:42,315,48,18,48,18,76,,,,,,,713,6,16,1
433,15NOV2022,433,7,17:43,407,40,47,40,47,-28,,,,,,,313,,13,3
434,15NOV2022,434,11,17:43,503,24,34,24,34,112,,,,,,,166,,8,
435,15NOV2022,435,6,17:45,103,34,43,34,43,123,,,,,,,451,,7,1
436,15NOV2022,436,1,17:45,303,18,48,18,48,63,,,,,,,232,,9,
437,15NOV2022,437,3,17:45,211,43,40,43,40,108,,,,,,,297,45,77,53
438,15NOV2022,438,8,17:48,419,,,47,40,,,1,HL,,,W40,,,,
439,15NOV2022,439,5,17:49,115,43,34,43,34,240,300,1,LR,7,0.583333333333333,S40,120,5,8,6
440,15NOV2022,440,4,17:49,223,40,43,40,43,266,,,,,,,150,,18,13
441,15NOV2022,441,12,17:51,515,34,24,34,24,151,,,,,,,330,2,17,6
442,15NOV2022,442,13,17:54,423,47,48,47,48,205,,,,,,,4,,,
443,15NOV2022,443,14,17:56,421,48,47,48,47,17,,,,,,,8,,6,6
444,15NOV2022,444,2,17:57,317,48,18,48,18,138,,,,,,,726,135,134,111
445,15NOV2022,445,7,17:58,409,40,47,40,47,23,,,,,,,340,,13,1
446,15NOV2022,446,11,17:58,505,24,34,24,34,88,,,,,,,142,,4,
447,15NOV2022,447,6,18:00,105,,,34,43,,,1,HL,,,M90,,,,
448,15NOV2022,448,1,18:00,305,18,48,18,48,183,,,,,,,314,,12,
449,15NOV2022,449,3,18:00,213,43,40,43,40,63,,,,,,,190,,7,1
450,15NOV2022,450,8,18:03,421,47,40,47,40,22,,,,,,,407,127,99,92
451,15NOV2022,451,5,18:04,117,43,34,43,34,48,373,1,AD,0.00861111111111111,,S20,168,,5,2
452,15NOV2022,452,4,18:04,201,40,43,40,43,252,,,,,,,169,7,20,12
453,15NOV2022,453,12,18:06,517,34,24,34,24,266,,,,,,,556,57,175,160
454,15NOV2022,454,13,18:09,401,47,48,47,48,265,,,,,,,,,,
455,15NOV2022,455,14,18:11,423,48,47,48,47,13,,,,,,,2,,1,1
456,15NOV2022,456,2,18:12,319,48,18,48,18,125,,,,,,,559,,19,11
457,15NOV2022,457,7,18:13,411,40,47,40,47,104,,,,,,,300,1,15,5
458,15NOV2022,458,11,18:13,507,24,34,24,34,174,,,,,,,64,,5,1
459,15NOV2022,459,6,18:15,107,34,43,34,43,194,,,,,,,397,111,72,65
460,15NOV2022,460,1,18:15,307,18,48,18,48,634,591,1,DH,56,57.2941666666667,C20,142,46,65,57
461,15NOV2022,461,3,18:15,215,43,40,43,40,172,,,,,,,177,,10,2
462,15NOV2022,462,8,18:18,423,47,40,47,40,120,,,,,,,304,7,14,8
463,15NOV2022,463,5,18:19,119,43,34,43,34,46,,,,,,,104,,9,1
464,15NOV2022,464,4,18:19,203,40,43,40,43,299,,,,,,,88,,9,8
465,15NOV2022,465,12,18:21,519,34,24,34,24,200,,,,,,,183,1,11,5
466,15NOV2022,466,13,18:24,403,47,48,47,48,491,428,1,LR,3,0.356666666666667,Y10,3,,1,1
467,15NOV2022,467,14,18:26,401,48,47,48,47,-9,,,,,,,2,,4,3
468,15NOV2022,468,2,18:27,321,48,18,48,18,224,,,,,,,553,46,10,
469,15NOV2022,469,7,18:28,413,40,47,40,47,-27,,,,,,,217,,7,
470,15NOV2022,470,11,18:28,509,24,34,24,34,65,,,,,,,88,,1,
471,15NOV2022,471,6,18:30,109,,,34,43,,,1,HL,,,M90,,,,
472,15NOV2022,472,1,18:30,309,18,48,18,48,127,375,1,AD,0.0377777777777778,,C80,203,12,30,25
473,15NOV2022,473,3,18:30,217,,,43,40,,,1,HL,,,S50,,,,
474,15NOV2022,474,8,18:33,401,47,40,47,40,56,,,,,,,219,3,7,3
475,15NOV2022,475,4,18:34,205,40,43,40,43,160,,,,,,,133,5,25,20
476,15NOV2022,476,5,18:34,121,43,34,43,34,111,,,,,,,121,33,37,24
477,15NOV2022,477,12,18:36,501,34,24,34,24,208,,,,,,,268,60,66,62
478,15NOV2022,478,13,18:39,405,47,48,47,48,92,,,,,,,2,,,
479,15NOV2022,479,14,18:41,403,48,47,48,47,47,,,,,,,9,,6,5
480,15NOV2022,480,2,18:42,323,48,18,48,18,291,,,,,,,453,174,165,150
481,15NOV2022,481,7,18:43,415,40,47,40,47,129,,,,,,,228,32,34,29
482,15NOV2022,482,11,18:43,511,24,34,24,34,136,,,,,,,65,,1,
483,15NOV2022,483,6,18:45,111,34,43,34,43,164,,,,,,,224,41,35,28
484,15NOV2022,484,1,18:45,311,18,48,18,48,299,313,1,AD,0.0927777777777778,,M10,146,26,31,21
485,15NOV2022,485,3,18:45,219,43,40,43,40,389,,,,,,,187,24,37,33
486,15NOV2022,486,8,18:48,403,47,40,47,40,212,,,,,,,250,10,23,15
487,15NOV2022,487,4,18:49,207,40,43,40,43,451,525,1,LD,6,0.875,R60,112,33,55,47
488,15NOV2022,488,12,18:51,503,34,24,34,24,57,,,,,,,139,,5,1
489,15NOV2022,489,13,18:54,407,47,48,47,48,170,,,,,,,2,,,
490,15NOV2022,490,14,18:56,405,48,47,48,47,-44,,,,,,,3,,1,1
491,15NOV2022,491,2,18:57,325,48,18,48,18,420,356,1,LR,6,0.593333333333333,C88,205,,4,2
492,15NOV2022,492,11,18:58,513,24,34,24,34,308,326,1,AD,0.0933333333333333,,L10,40,2,8,3
493,15NOV2022,493,7,18:58,417,40,47,40,47,226,,,,,,,181,10,13,10
494,15NOV2022,494,6,19:00,113,34,43,34,43,163,,,,,,,175,,2,
495,15NOV2022,495,1,19:00,313,18,48,18,48,324,354,1,LR,67,7.16527777777778,K10,166,78,97,86
496,15NOV2022,496,3,19:00,221,43,40,43,40,630,313,1,LA,11,0.956388888888889,S50,148,70,66,65
497,15NOV2022,497,8,19:03,405,47,40,47,40,390,312,1,LR,15,1.375,W10,266,144,118,103
498,15NOV2022,498,4,19:04,209,40,43,40,43,445,387,1,CD,49,2.71083333333333,K20,62,35,45,35
499,15NOV2022,499,12,19:06,505,34,24,34,24,15,,,,,,,141,1,4,3
500,15NOV2022,500,13,19:10,409,47,48,47,48,199,,,,,,,1,,,
501,15NOV2022,501,2,19:12,301,48,18,48,18,186,,,,,,,323,18,29,21
502,15NOV2022,502,14,19:13,407,48,47,48,47,93,,,,,,,7,,,
503,15NOV2022,503,11,19:13,515,24,34,24,34,62,,,,,,,142,11,6,4
504,15NOV2022,504,7,19:13,419,40,47,40,47,938,1203,2,LD AD,4.14333333333333,0.696666666666667,R60 K10,102,21,24,18
505,15NOV2022,505,6,19:15,115,34,43,34,43,289,,,,,,,157,,4,3
506,15NOV2022,506,1,19:15,315,18,48,18,48,-94,,,,,,,113,,5,
507,15NOV2022,507,3,19:15,223,43,40,43,40,775,319,1,LR,6,0.531666666666667,R60,74,,5,6
508,15NOV2022,508,4,19:19,211,40,43,40,43,454,395,1,LR,38,3.30388888888889,K20,76,44,43,39
509,15NOV2022,509,8,19:21,407,47,40,47,40,693,379,1,LR,24,2.52666666666667,R60,196,38,58,53
510,15NOV2022,510,12,19:21,507,34,24,34,24,69,,,,,,,104,2,10,2
511,15NOV2022,511,13,19:25,411,47,48,47,48,157,,,,,,,4,,,
512,15NOV2022,512,14,19:26,409,48,47,48,47,34,,,,,,,2,,,
513,15NOV2022,513,2,19:27,303,48,18,48,18,318,,,,,,,208,5,8,3
514,15NOV2022,514,11,19:29,517,24,34,24,34,306,,,,,,,122,29,56,50
515,15NOV2022,515,3,19:30,201,43,40,43,40,1031,983,2,CD LR,50,3.375,R50 R60,110,,3,5
516,15NOV2022,516,1,19:30,317,18,48,18,48,90,,,,,,,167,1,6,5
517,15NOV2022,517,8,19:34,409,47,40,47,40,845,477,1,DH,11,57.2941666666667,R50,167,2,13,9
518,15NOV2022,518,4,19:34,213,40,43,40,43,478,311,1,CD,11,0.491388888888889,S20,51,,4,3
519,15NOV2022,519,12,19:38,509,34,24,34,24,335,,,,,,,196,,45,40
520,15NOV2022,520,13,19:40,413,47,48,47,48,156,,,,,,,,,,
521,15NOV2022,521,14,19:42,411,48,47,48,47,70,,,,,,,1,,,
522,15NOV2022,522,2,19:42,305,48,18,48,18,15,,,,,,,191,,6,1
523,15NOV2022,523,11,19:43,519,24,34,24,34,100,,,,,,,70,,2,2
524,15NOV2022,524,1,19:47,319,18,48,18,48,7,,,,,,,154,3,11,6
525,15NOV2022,525,3,19:47,203,43,40,43,40,268,,1,DH,,57.2941666666667,R50,96,,8,8
526,15NOV2022,526,4,19:49,215,40,43,40,43,114,,,,,,,93,,3,
527,15NOV2022,527,8,19:51,411,47,40,47,40,1401,1259,1,LR,8,2.79777777777778,R60,172,4,16,13
528,15NOV2022,528,12,19:51,511,34,24,34,24,65,,,,,,,113,3,8,1
529,15NOV2022,529,11,19:53,501,24,34,24,34,-20,,,,,,,105,,3,
530,15NOV2022,530,13,19:55,415,47,48,47,48,188,,,,,,,5,,,
531,15NOV2022,531,14,19:56,413,48,47,48,47,48,,,,,,,7,,,
532,15NOV2022,532,2,20:00,307,48,18,48,18,212,,,,,,,245,7,17,14
533,15NOV2022,533,1,20:00,321,18,48,18,48,-30,,,,,,,172,31,30,26
534,15NOV2022,534,3,20:02,205,43,40,43,40,849,435,2,ND LR,15,0.3625,A40 R60,42,5,3,3
535,15NOV2022,535,8,20:04,413,47,40,47,40,911,851,2,CD AD,134.119722222222,6.51472222222222,K30 R60,125,45,58,53
536,15NOV2022,536,4,20:06,217,,,40,43,,,1,HL,,,R60,,,,
537,15NOV2022,537,12,20:08,513,34,24,34,24,238,,,,,,,146,,2,
538,15NOV2022,538,11,20:13,503,24,34,24,34,217,,,,,,,59,,2,
539,15NOV2022,539,14,20:14,415,48,47,48,47,11,,,,,,,7,,1,1
540,15NOV2022,540,3,20:17,207,43,40,43,40,1548,1165,2,DH LR,8,58.0019444444445,R50 R60,106,4,14,11
541,15NOV2022,541,4,20:19,219,40,43,40,43,88,,,,,,,153,47,56,45
542,15NOV2022,542,8,20:21,415,47,40,47,40,1543,984,1,LR,5,1.36666666666667,R60,181,,4,2
543,15NOV2022,543,2,20:29,311,48,18,48,18,291,,,,,,,291,106,141,135
544,15NOV2022,544,1,20:30,325,18,48,18,48,164,,,,,,,235,13,17,9
545,15NOV2022,545,12,20:30,515,34,24,34,24,-168,,,,,,,135,1,3,3
546,15NOV2022,546,14,20:31,313,48,47,48,47,300,,,,,,,3,,1,
547,15NOV2022,547,11,20:38,505,24,34,24,34,171,,,,,,,196,5,2,1
548,15NOV2022,548,12,20:45,517,34,24,34,24,59,,,,,,,144,1,4,
549,15NOV2022,549,3,20:47,211,43,40,43,40,378,,,,,,,216,144,172,166
550,15NOV2022,550,4,20:49,223,40,43,40,43,285,,,,,,,150,,9,2
551,15NOV2022,551,13,20:52,313,47,48,47,48,66,,,,,,,10,,,
552,15NOV2022,552,2,20:59,313,48,18,48,18,1099,616,1,LR,55,8.8,C60,435,307,307,301
553,15NOV2022,553,1,21:00,303,18,48,18,48,1060,1075,1,LR,83,24.8308333333333,M10,170,91,107,104
554,15NOV2022,554,14,21:01,317,48,47,48,47,178,,,,,,,16,,,
555,15NOV2022,555,11,21:07,509,24,34,24,34,874,935,1,DH,48,57.2941666666667,M10,242,126,138,136
556,15NOV2022,556,12,21:15,501,34,24,34,24,1494,1413,1,LR,178,69.0738888888889,M10,187,133,148,147
557,15NOV2022,557,3,21:17,215,43,40,43,40,111,,,,,,,103,,2,
558,15NOV2022,558,4,21:19,203,40,43,40,43,688,517,1,LD,3,0.430833333333333,R60,103,81,87,85
559,15NOV2022,559,13,21:22,317,47,48,47,48,207,,,,,,,7,,,
560,15NOV2022,560,2,21:29,317,48,18,48,18,995,790,1,DH,187,57.2941666666667,M20,370,242,269,261
561,15NOV2022,561,14,21:30,321,48,47,48,47,237,,,,,,,21,,,
562,15NOV2022,562,1,21:31,307,18,48,18,48,436,338,1,LR,33,3.14416666666667,C20,186,150,158,145
563,15NOV2022,563,11,21:38,513,24,34,24,34,481,321,1,DH,67,57.2941666666667,M10,197,124,132,126
564,15NOV2022,564,12,21:45,505,34,24,34,24,1116,811,2,LD DH,123,57.7927777777778,M90 M30,165,90,95,92
565,15NOV2022,565,3,21:47,219,43,40,43,40,611,,,,,,,178,96,140,135
566,15NOV2022,566,4,21:50,207,40,43,40,43,82,,,,,,,72,15,27,24
567,15NOV2022,567,13,21:52,321,47,48,47,48,-13,,,,,,,,,,
568,15NOV2022,568,2,21:59,321,48,18,48,18,951,329,1,LD,77,7.03694444444445,Y10,402,290,295,286
569,15NOV2022,569,14,22:00,325,48,47,48,47,94,,,,,,,29,,,
570,15NOV2022,570,1,22:01,311,18,48,18,48,240,,,,,,,107,34,46,42
571,15NOV2022,571,11,22:08,517,24,34,24,34,115,,,,,,,127,1,2,1
572,15NOV2022,572,12,22:15,509,34,24,34,24,356,,,,,,,193,85,87,86
573,15NOV2022,573,3,22:17,223,,,43,40,,,1,HL,,,S50,,,,
574,15NOV2022,574,4,22:20,211,40,43,40,43,187,325,1,AD,0.0958333333333333,,K20,116,14,48,46
575,15NOV2022,575,13,22:22,325,47,48,47,48,-13,,,,,,,4,,,
576,15NOV2022,576,2,22:29,325,48,18,48,18,976,462,1,DH,103,57.2941666666667,K30,219,142,133,123
577,15NOV2022,577,1,22:31,313,18,48,18,48,1283,887,1,LD,6,1.47833333333333,C88,232,115,65,58
578,15NOV2022,578,14,22:31,303,48,47,48,47,854,917,1,LD,16,4.07555555555556,Y10,16,,8,8
579,15NOV2022,579,11,22:38,501,24,34,24,34,-6,,,,,,,128,6,6,6
580,15NOV2022,580,12,22:45,513,34,24,34,24,345,,,,,,,159,42,49,47
581,15NOV2022,581,3,22:47,203,43,40,43,40,659,469,1,LA,10,1.30277777777778,S50,244,197,228,224
582,15NOV2022,582,4,22:50,215,40,43,40,43,404,380,1,LA,2,0.211111111111111,R60,56,15,24,20
583,15NOV2022,583,13,22:52,303,47,48,47,48,67,,,,,,,3,,,
584,15NOV2022,584,2,22:59,303,48,18,48,18,641,511,1,AD,0.141388888888889,,K30,266,139,126,124
585,15NOV2022,585,1,23:01,317,48,48,18,48,1449,,1,ND,,,M10,,,,
586,15NOV2022,586,14,23:01,307,48,47,48,47,350,377,1,LA,15,1.57083333333333,Y10,15,,12,11
587,15NOV2022,587,11,23:08,505,24,34,24,34,80,,,,,,,35,7,3,
588,15NOV2022,588,12,23:15,517,34,24,34,24,172,,,,,,,154,1,6,1
589,15NOV2022,589,3,23:17,207,43,40,43,40,242,,,,,,,81,,2,1
590,15NOV2022,590,4,23:20,219,40,43,40,43,387,,,,,,,86,13,33,31
591,15NOV2022,591,13,23:22,307,47,48,47,48,-8,,,,,,,,,,
592,15NOV2022,592,2,23:29,307,48,18,48,18,153,,,,,,,230,6,6,2
593,15NOV2022,593,1,23:31,321,18,48,18,48,503,318,1,DH,6,57.2941666666667,K30,24,21,22,19
594,15NOV2022,594,14,23:31,311,48,47,48,47,190,,,,,,,7,,,
595,15NOV2022,595,11,23:38,509,24,34,24,34,319,311,1,DH,9,57.2941666666667,M10,28,15,18,17
596,15NOV2022,596,12,23:45,501,34,24,34,24,187,,,,,,,102,,1,
597,15NOV2022,597,3,23:47,211,43,40,43,40,578,,,,,,,44,21,35,32
598,15NOV2022,598,4,23:50,223,,,40,43,,,1,HL,,,R60,,,,
599,15NOV2022,599,13,23:52,311,47,48,47,48,17,,,,,,,,,,
600,15NOV2022,600,2,24:00,311,48,18,48,18,226,305,1,LD,45,3.8125,Y10,102,24,37,35
601,15NOV2022,601,11,24:00,513,24,34,24,34,321,,,,,,,19,,3,3
602,15NOV2022,602,14,24:01,313,,,48,47,,,1,HL,,,Y10,,,,
603,15NOV2022,603,1,24:10,325,18,48,18,48,1193,791,1,DH,7,57.2941666666667,W30,24,12,22,22
604,15NOV2022,604,11,24:20,517,24,34,24,34,270,,,,,,,17,,,
605,15NOV2022,605,12,24:30,505,34,24,34,24,681,,,,,,,23,13,14,14
606,15NOV2022,606,4,24:30,203,40,43,40,43,856,332,1,AD,0.0502777777777778,,K20,41,31,38,36
607,15NOV2022,607,14,24:31,317,,,48,47,,,1,HL,,,Y10,,,,
608,15NOV2022,608,14,25:01,321,48,47,48,47,639,566,1,LA,,,Y10,,,,
609,15NOV2022,609,1,04:42,301,15,48,15,48,748,347,2,LD ND,161,5.59055555555556,C60 M30,279,103,103,102
610,15NOV2022,610,6,04:45,119,34,43,34,43,19,,,,,,,83,,,
611,15NOV2022,611,5,04:46,103,7,34,7,34,244,,,,,,,156,5,4,4
612,15NOV2022,612,5,04:49,107,43,34,43,34,140,,,,,,,177,4,2,
613,15NOV2022,613,4,04:49,215,40,43,40,43,-20,,,,,,,39,,2,
614,15NOV2022,614,12,04:51,511,34,24,34,24,287,,,,,,,29,2,4,4
615,15NOV2022,615,6,04:56,113,8,43,8,43,190,,,,,,,5,,,
616,15NOV2022,616,2,04:57,317,48,18,48,18,438,355,1,LR,9,0.8875,C88,73,,7,7
617,15NOV2022,617,1,04:58,303,15,48,15,48,109,,,,,,,165,,13,7
618,15NOV2022,618,7,04:58,401,40,47,40,47,93,,,,,,,241,27,19,19
619,15NOV2022,619,3,04:59,201,7,40,7,40,239,,,,,,,35,,,
620,15NOV2022,620,11,04:59,501,24,34,24,34,123,,,,,,,170,8,5,2
621,15NOV2022,621,6,05:00,121,34,43,34,43,39,,,,,,,66,,3,
622,15NOV2022,622,1,05:00,305,18,48,18,48,247,,,,,,,450,,6,4
623,15NOV2022,623,3,05:00,205,43,40,43,40,151,,,,,,,68,1,2,
624,15NOV2022,624,5,05:02,105,7,34,7,34,2,,,,,,,98,1,2,1
625,15NOV2022,625,5,05:04,109,43,34,43,34,180,,,,,,,155,,1,
626,15NOV2022,626,3,05:04,203,9,40,9,40,122,,,,,,,76,,1,4
627,15NOV2022,627,4,05:05,217,40,43,40,43,103,,,,,,,63,13,17,14
628,15NOV2022,628,13,05:05,319,47,48,47,48,50,,,,,,,3,,,
629,15NOV2022,629,12,05:06,513,34,24,34,24,38,,,,,,,35,,1,1
630,15NOV2022,630,2,05:12,319,48,18,48,18,274,,,,,,,114,16,3,3
631,15NOV2022,631,7,05:13,403,40,47,40,47,-4,,,,,,,117,42,3,2
632,15NOV2022,632,6,05:14,123,34,43,34,43,38,,,,,,,55,,1,1
633,15NOV2022,633,6,05:14,115,8,43,8,43,-46,,,,,,,4,,1,
634,15NOV2022,634,11,05:14,503,24,34,24,34,20,,,,,,,108,,1,
635,15NOV2022,635,3,05:15,207,43,40,43,40,131,,,,,,,76,,1,
636,15NOV2022,636,1,05:16,307,18,48,18,48,223,,,,,,,410,,6,1
637,15NOV2022,637,4,05:17,211,8,43,8,43,-85,,,,,,,3,,1,
638,15NOV2022,638,5,05:19,111,43,34,43,34,44,,,,,,,164,,1,
639,15NOV2022,639,4,05:19,219,40,43,40,43,10,,,,,,,67,,3,3
640,15NOV2022,640,13,05:20,321,47,48,47,48,15,,,,,,,1,,,
641,15NOV2022,641,12,05:21,515,34,24,34,24,64,,,,,,,96,4,13,11
642,15NOV2022,642,2,05:27,321,48,18,48,18,196,,,,,,,99,,3,2
643,15NOV2022,643,7,05:28,405,40,47,40,47,153,,,,,,,157,,5,2
644,15NOV2022,644,6,05:29,117,8,43,8,43,-85,,,,,,,5,,,
645,15NOV2022,645,11,05:29,505,24,34,24,34,79,,,,,,,132,,2,
646,15NOV2022,646,1,05:30,309,18,48,18,48,102,,,,,,,470,,11,4
647,15NOV2022,647,3,05:30,209,43,40,43,40,173,,,,,,,127,,,2
648,15NOV2022,648,4,05:32,213,8,43,8,43,-103,,,,,,,3,,,
649,15NOV2022,649,5,05:34,113,43,34,43,34,27,,,,,,,246,,4,1
650,15NOV2022,650,4,05:35,221,40,43,40,43,-27,,,,,,,145,,6,
651,15NOV2022,651,13,05:35,323,47,48,47,48,46,,,,,,,1,,,
652,15NOV2022,652,12,05:37,517,34,24,34,24,73,,,,,,,106,,4,2
653,15NOV2022,653,2,05:42,323,48,18,48,18,203,,,,,,,166,,2,
654,15NOV2022,654,7,05:43,407,40,47,40,47,-17,,,,,,,212,,1,
655,15NOV2022,655,6,05:44,103,34,43,34,43,212,,,,,,,93,,,
656,15NOV2022,656,11,05:44,507,24,34,24,34,15,,,,,,,159,,3,
657,15NOV2022,657,1,05:45,311,18,48,18,48,69,,,,,,,817,15,19,13
658,15NOV2022,658,3,05:45,211,43,40,43,40,94,,,,,,,126,1,,
659,15NOV2022,659,5,05:49,115,43,34,43,34,126,,,,,,,324,4,5,4
660,15NOV2022,660,4,05:49,223,40,43,40,43,88,,,,,,,66,,3,1
661,15NOV2022,661,13,05:50,325,47,48,47,48,-60,,,,,,,3,,,
662,15NOV2022,662,12,05:51,519,34,24,34,24,43,,,,,,,100,,5,
663,15NOV2022,663,2,05:57,325,48,18,48,18,139,,,,,,,180,,6,
664,15NOV2022,664,7,05:58,409,40,47,40,47,-2,,,,,,,257,,6,1
665,15NOV2022,665,11,05:58,509,24,34,24,34,114,,,,,,,200,,5,
666,15NOV2022,666,6,06:00,105,34,43,34,43,-26,,,,,,,132,,6,
667,15NOV2022,667,3,06:00,213,43,40,43,40,77,,,,,,,160,,2,1
668,15NOV2022,668,8,06:03,421,47,40,47,40,190,,,,,,,153,18,1,
669,15NOV2022,669,5,06:04,117,43,34,43,34,45,,,,,,,409,,7,4
670,15NOV2022,670,4,06:04,201,40,43,40,43,20,,,,,,,107,,4,3
671,15NOV2022,671,12,06:06,501,34,24,34,24,127,,,,,,,108,,4,
672,15NOV2022,672,13,06:09,401,47,48,47,48,2,,,,,,,8,,,
673,15NOV2022,673,2,06:12,301,48,18,48,18,27,,,,,,,173,,4,
674,15NOV2022,674,7,06:13,411,40,47,40,47,-8,,,,,,,340,,6,6
675,15NOV2022,675,11,06:13,511,24,34,24,34,80,,,,,,,244,,3,
676,15NOV2022,676,6,06:15,107,34,43,34,43,-18,,,,,,,117,,,
677,15NOV2022,677,1,06:15,315,18,48,18,48,215,313,1,LR,790,73.075,K20,1044,457,411,408
678,15NOV2022,678,3,06:15,215,43,40,43,40,101,,,,,,,194,1,3,2
679,15NOV2022,679,8,06:18,423,47,40,47,40,31,,,,,,,155,,2,
680,15NOV2022,680,5,06:19,119,43,34,43,34,32,,,,,,,428,,10,5
681,15NOV2022,681,4,06:19,203,40,43,40,43,-36,,,,,,,66,,4,2
682,15NOV2022,682,12,06:22,503,34,24,34,24,56,,,,,,,172,,2,
683,15NOV2022,683,13,06:24,403,47,48,47,48,25,,,,,,,1,,,
684,15NOV2022,684,14,06:26,401,48,47,48,47,-3,,,,,,,,,1,1
685,15NOV2022,685,2,06:27,303,48,18,48,18,4,,,,,,,264,,4,2
686,15NOV2022,686,7,06:28,413,40,47,40,47,10,,,,,,,439,,4,1
687,15NOV2022,687,11,06:28,513,24,34,24,34,120,,,,,,,261,,5,
688,15NOV2022,688,6,06:29,101,,,8,43,,,1,HL,,,A80,,,,
689,15NOV2022,689,6,06:30,109,34,7,34,43,,,1,OL,8,,A70,75,,1,1
690,15NOV2022,690,,,,,,,,,,,,,,,,,,
691,15NOV2022,691,1,06:30,317,18,48,18,48,235,307,1,LR,53,4.51972222222222,Y10,826,5,21,4
692,15NOV2022,692,3,06:30,217,43,40,43,40,53,,,,,,,239,1,3,4
693,15NOV2022,693,8,06:33,401,47,40,47,40,57,,,,,,,165,3,5,2
694,15NOV2022,694,4,06:34,205,40,43,40,43,45,,,,,,,231,16,49,43
695,15NOV2022,695,5,06:34,121,43,34,43,34,56,,,,,,,555,,6,4
696,15NOV2022,696,12,06:37,505,34,24,34,24,36,,,,,,,134,,2,1
697,15NOV2022,697,13,06:39,405,47,48,47,48,42,,,,,,,5,,,
698,15NOV2022,698,14,06:41,403,48,47,48,47,10,,,,,,,2,,,
699,15NOV2022,699,2,06:42,305,48,18,48,18,324,321,1,DH,69,57.2941666666667,C30,310,64,64,61
700,15NOV2022,700,7,06:43,415,40,47,40,47,-3,,,,,,,477,,13,6
701,15NOV2022,701,11,06:43,515,24,34,24,34,111,,,,,,,367,,10,
702,15NOV2022,702,6,06:45,111,34,43,34,43,73,,,,,,,193,,6,1
703,15NOV2022,703,1,06:45,319,18,48,18,48,360,,,,,,,1150,603,676,651
704,15NOV2022,704,3,06:45,219,43,40,43,40,81,,,,,,,327,1,7,
705,15NOV2022,705,8,06:48,403,47,40,47,40,28,,,,,,,226,1,9,1
706,15NOV2022,706,5,06:49,123,43,34,43,34,53,,,,,,,596,1,6,
707,15NOV2022,707,4,06:49,207,40,43,40,43,121,,,,,,,165,,11,2
708,15NOV2022,708,12,06:51,507,34,24,34,24,67,,,,,,,158,,7,2
709,15NOV2022,709,13,06:54,407,47,48,47,48,122,,,,,,,2,,,
710,15NOV2022,710,14,06:56,405,48,47,48,47,11,,,,,,,1,,,
711,15NOV2022,711,2,06:57,307,48,18,48,18,67,,,,,,,367,,5,3
712,15NOV2022,712,7,06:58,417,40,47,40,47,37,,,,,,,624,,11,3
713,15NOV2022,713,11,06:58,517,24,34,24,34,140,,,,,,,453,,7,
714,15NOV2022,714,6,07:00,113,34,43,34,43,-29,,,,,,,235,,2,
715,15NOV2022,715,1,07:00,321,18,48,18,48,180,,,,,,,1056,,20,7
716,15NOV2022,716,3,07:00,221,43,40,43,40,96,,,,,,,347,2,6,3
717,15NOV2022,717,8,07:03,405,47,40,47,40,22,,,,,,,272,1,4,2
718,15NOV2022,718,4,07:04,209,40,43,40,43,277,,,,,,,240,98,136,124
719,15NOV2022,719,5,07:04,101,43,34,43,34,336,,,,,,,721,364,423,393
720,15NOV2022,720,12,07:06,509,34,24,34,24,48,,,,,,,193,,4,
721,15NOV2022,721,13,07:09,409,47,48,47,48,206,,,,,,,6,,,
722,15NOV2022,722,14,07:11,407,48,47,48,47,133,,,,,,,4,,,
723,15NOV2022,723,2,07:12,309,48,18,48,18,76,,,,,,,462,,8,4
724,15NOV2022,724,7,07:13,419,40,47,40,47,556,505,1,LR,68,9.31222222222222,W30,581,4,83,68
725,15NOV2022,725,11,07:13,519,24,34,24,34,143,,,,,,,428,,10,
726,15NOV2022,726,6,07:15,115,34,43,34,43,-29,,,,,,,268,,5,1
727,15NOV2022,727,1,07:15,323,18,48,18,48,220,,,,,,,1442,778,703,674
728,15NOV2022,728,3,07:15,223,43,40,43,40,170,,,,,,,318,,2,1
729,15NOV2022,729,8,07:18,407,47,40,47,40,2,,,,,,,378,,8,
730,15NOV2022,730,5,07:19,103,43,34,43,34,262,,,,,,,546,,6,1
731,15NOV2022,731,4,07:19,211,40,43,40,43,-31,,,,,,,204,,4,5
732,15NOV2022,732,12,07:21,511,34,24,34,24,187,,,,,,,242,,10,4
733,15NOV2022,733,13,07:24,411,47,48,47,48,40,,,,,,,1,,,
734,15NOV2022,734,14,07:26,409,48,47,48,47,-2,,,,,,,4,,,
735,15NOV2022,735,2,07:27,311,48,18,48,18,111,,,,,,,513,,8,1
736,15NOV2022,736,7,07:28,421,40,47,40,47,312,,,,,,,597,,34,29
737,15NOV2022,737,11,07:28,501,24,34,24,34,352,336,1,AD,0.0997222222222222,,A10,407,185,251,230
738,15NOV2022,738,6,07:30,117,34,43,34,43,291,326,1,AD,0.0105555555555556,,A30,365,96,90,83
739,15NOV2022,739,1,07:30,325,18,48,18,48,192,,,,,,,1330,1,58,47
740,15NOV2022,740,3,07:30,201,43,40,43,40,110,,,,,,,333,7,3,4
741,15NOV2022,741,8,07:33,409,47,40,47,40,74,,,,,,,305,,9,
742,15NOV2022,742,5,07:34,105,43,34,43,34,50,673,2,ED LR,34,5.98777777777778,S50 S40,565,2,9,4
743,15NOV2022,743,4,07:34,213,40,43,40,43,274,334,1,AD,0.108055555555556,,K10,218,47,82,80
744,15NOV2022,744,12,07:36,513,34,24,34,24,223,,,,,,,314,,11,5
745,15NOV2022,745,13,07:39,413,47,48,47,48,24,,,,,,,3,,,
746,15NOV2022,746,14,07:41,411,48,47,48,47,-6,,,,,,,3,,,
747,15NOV2022,747,2,07:42,313,48,18,48,18,93,,,,,,,628,,8,1
748,15NOV2022,748,7,07:43,423,40,47,40,47,45,,,,,,,607,,18,9
749,15NOV2022,749,11,07:43,503,24,34,24,34,155,381,1,DH,374,57.2941666666667,A40,603,53,50,46
750,15NOV2022,750,6,07:45,119,34,43,34,43,202,,,,,,,248,,15,2
751,15NOV2022,751,1,07:45,301,18,48,18,48,334,335,2,ND LR,2020,88.9361111111111,K10 M10,1266,847,705,665
752,15NOV2022,752,3,07:45,203,43,40,43,40,88,,,,,,,315,,7,2
753,15NOV2022,753,8,07:48,411,47,40,47,40,26,,,,,,,469,,5,1
754,15NOV2022,754,5,07:49,107,43,34,43,34,64,,,,,,,550,14,7,2
755,15NOV2022,755,4,07:49,215,40,41,40,43,,,1,OL,12,,S20,204,80,103,94
756,15NOV2022,756,,,,,,,,,,,,,,,,,,
757,15NOV2022,757,12,07:51,515,34,24,34,24,68,,,,,,,196,,3,
758,15NOV2022,758,13,07:54,415,47,48,47,48,21,,,,,,,3,,,
759,15NOV2022,759,14,07:56,413,48,47,48,47,-13,,,,,,,3,,1,1
760,15NOV2022,760,2,07:57,315,48,18,48,18,24,,,,,,,571,,7,1
761,15NOV2022,761,7,07:58,401,40,47,40,47,117,,,,,,,682,,10,4
762,15NOV2022,762,11,07:58,505,24,34,24,34,113,,,,,,,474,,1,
763,15NOV2022,763,6,08:00,121,34,9,34,43,,,1,OL,15,,A90,249,,9,2
764,15NOV2022,764,,,,,,,,,,,,,,,,,,
765,15NOV2022,765,1,08:00,303,18,48,18,48,95,,,,,,,1131,,26,6
766,15NOV2022,766,3,08:00,205,43,40,43,40,72,,,,,,,245,,6,1
767,15NOV2022,767,8,08:03,413,47,40,47,40,78,,,,,,,355,2,10,1
768,15NOV2022,768,4,08:04,217,40,43,40,43,729,828,2,AD AD,0.186944444444444,,K20 S40,231,84,119,107
769,15NOV2022,769,5,08:04,109,43,34,43,34,58,,,,,,,595,51,52,34
770,15NOV2022,770,12,08:06,517,34,24,34,24,59,,,,,,,208,2,10,3
771,15NOV2022,771,13,08:09,417,47,48,47,48,24,,,,,,,4,,,
772,15NOV2022,772,14,08:11,415,48,47,48,47,17,,,,,,,4,,1,1
773,15NOV2022,773,2,08:12,317,48,18,48,18,11,,,,,,,467,18,7,1
774,15NOV2022,774,7,08:13,403,40,47,40,47,4,,,,,,,754,,22,4
775,15NOV2022,775,11,08:13,507,24,34,24,34,85,,,,,,,430,,7,
776,15NOV2022,776,6,08:15,123,34,43,34,43,268,,,,,,,244,6,35,8
777,15NOV2022,777,1,08:15,305,18,48,18,48,158,,,,,,,1245,148,295,241
778,15NOV2022,778,3,08:15,207,43,40,43,40,93,,,,,,,223,,4,
779,15NOV2022,779,8,08:18,415,47,40,47,40,70,,,,,,,557,2,15,9
780,15NOV2022,780,5,08:19,111,43,34,43,34,663,1181,4,ED LR AD AD,23.1686111111111,2.77277777777778,S50 S40 A90 M16,503,329,306,277
781,15NOV2022,781,4,08:19,219,40,43,40,43,330,303,1,LR,25,2.13888888888889,S20,203,16,26,22
782,15NOV2022,782,12,08:21,519,34,24,34,24,44,,,,,,,202,,6,5
783,15NOV2022,783,13,08:24,419,47,48,47,48,726,697,1,LA,3,0.580833333333333,W40,2,,2,2
784,15NOV2022,784,14,08:26,417,48,47,48,47,502,473,1,LR,7,0.919722222222222,W40,7,,7,7
785,15NOV2022,785,2,08:27,319,48,18,48,18,199,326,1,CD,400,14.0911111111111,M20,461,107,109,88
786,15NOV2022,786,7,08:28,405,,,40,47,,,1,HL,,,R60,,,,
787,15NOV2022,787,11,08:28,509,24,34,24,34,81,,,,,,,368,,8,
788,15NOV2022,788,6,08:30,101,34,43,34,43,597,505,1,DH,53,57.2941666666667,M16,234,39,46,41
789,15NOV2022,789,1,08:30,307,18,48,18,48,73,,,,,,,883,,24,9
790,15NOV2022,790,3,08:30,209,43,40,43,40,124,,,,,,,169,1,3,
791,15NOV2022,791,8,08:33,417,47,40,47,40,402,381,1,LD,87,9.2075,W40,399,134,164,149
792,15NOV2022,792,4,08:34,221,40,43,40,43,290,,,,,,,273,110,108,95
793,15NOV2022,793,5,08:34,113,43,30,43,34,,,1,OL,21,,M50,221,5,5,
794,15NOV2022,794,,,,,,,,,,,,,,,,,,
795,15NOV2022,795,12,08:36,501,34,24,34,24,432,312,1,LR,47,4.26916666666667,M16,163,50,59,52
796,15NOV2022,796,13,08:39,421,47,48,47,48,375,375,1,AD,0.03,,Y10,2,,2,1
797,15NOV2022,797,14,08:41,419,,,48,47,,,1,HL,,,Y10,,,,
798,15NOV2022,798,2,08:42,321,48,18,48,18,137,,,,,,,186,,10,12
799,15NOV2022,799,7,08:43,407,40,47,40,47,25,,,,,,,585,85,69,60
800,15NOV2022,800,11,08:43,511,24,34,24,34,435,313,1,AD,0.0933333333333333,,M16,249,165,170,159
801,15NOV2022,801,6,08:45,103,34,43,34,43,320,,,,,,,319,2,19,11
802,15NOV2022,802,1,08:45,309,18,48,18,48,361,333,1,CD,166,7.59027777777778,M60,593,34,69,48
803,15NOV2022,803,3,08:45,211,43,40,43,40,93,,,,,,,172,19,26,20
804,15NOV2022,804,8,08:48,419,,,47,40,,,1,HL,,,W40,,,,
805,15NOV2022,805,5,08:49,115,43,34,43,34,181,124,1,DH,32,57.2941666666667,A90,236,,4,2
806,15NOV2022,806,4,08:49,223,40,43,40,43,253,,,,,,,115,2,7,2
807,15NOV2022,807,12,08:51,503,34,24,34,24,74,,,,,,,183,,9,1
808,15NOV2022,808,13,08:54,423,47,48,47,48,115,,,,,,,8,,,
809,15NOV2022,809,14,08:56,421,48,47,48,47,29,,,,,,,3,,3,3
810,15NOV2022,810,2,08:57,323,48,18,48,18,125,,,,,,,350,23,70,57
811,15NOV2022,811,7,08:58,409,40,47,40,47,204,,,,,,,385,150,180,170
812,15NOV2022,812,11,08:58,513,24,34,24,34,346,340,1,DH,23,57.2941666666667,M50,208,6,22,18
813,15NOV2022,813,6,09:00,105,34,43,34,43,33,,,,,,,178,,3,2
814,15NOV2022,814,1,09:00,311,18,48,18,48,215,,,,,,,441,6,15,9
815,15NOV2022,815,3,09:00,213,43,41,43,40,,,1,OL,2,,S20,,,,
816,15NOV2022,816,,,,,,,,,,,,,,,,,,
817,15NOV2022,817,8,09:03,421,47,40,47,40,-2,,,,,,,254,93,37,33
818,15NOV2022,818,4,09:04,201,40,43,40,43,-17,,,,,,,80,,2,1
819,15NOV2022,819,5,09:04,117,43,34,43,34,549,,1,ND,26,,S40,180,81,82,45
820,15NOV2022,820,12,09:06,505,34,24,34,24,58,,,,,,,205,,6,2
821,15NOV2022,821,13,09:09,401,47,48,47,48,92,,,,,,,4,,,
822,15NOV2022,822,14,09:11,423,48,47,48,47,8,,,,,,,4,,4,2
823,15NOV2022,823,2,09:12,325,48,18,48,18,40,,,,,,,254,,10,3
824,15NOV2022,824,7,09:13,411,40,47,40,47,122,,,,,,,401,,10,
825,15NOV2022,825,11,09:13,515,24,34,24,34,77,,,,,,,261,,3,
826,15NOV2022,826,6,09:15,107,34,43,34,43,62,,,,,,,201,6,6,
827,15NOV2022,827,1,09:15,313,18,48,18,48,87,,,,,,,453,,17,7
828,15NOV2022,828,3,09:15,215,43,40,43,40,80,410,2,ED LR,10,1.13888888888889,S50 S40,152,1,10,5
829,15NOV2022,829,8,09:18,423,47,40,47,40,18,,,,,,,232,,10,1
830,15NOV2022,830,5,09:19,119,43,34,43,34,145,334,1,DH,34,57.2941666666667,S40,202,,30,20
831,15NOV2022,831,4,09:19,203,40,43,40,43,3,,,,,,,96,,2,2
832,15NOV2022,832,12,09:21,507,34,24,34,24,71,,,,,,,125,,,
833,15NOV2022,833,13,09:24,403,47,48,47,48,127,,,,,,,,,,
834,15NOV2022,834,14,09:26,401,48,47,48,47,-3,,,,,,,8,,1,
835,15NOV2022,835,2,09:27,301,48,18,48,18,52,,,,,,,242,6,7,2
836,15NOV2022,836,7,09:28,413,40,47,40,47,-18,,,,,,,323,,7,3
837,15NOV2022,837,11,09:28,517,24,34,24,34,5,,,,,,,181,51,78,67
838,15NOV2022,838,6,09:30,109,34,43,34,43,105,,,,,,,180,,,
839,15NOV2022,839,1,09:30,315,18,48,18,48,214,,,,,,,372,,6,1
840,15NOV2022,840,3,09:30,217,43,40,43,40,315,541,1,LD,11,1.65305555555556,S50,134,60,64,53
841,15NOV2022,841,8,09:33,401,47,40,47,40,203,,,,,,,165,,13,8
842,15NOV2022,842,5,09:34,121,43,34,43,34,43,894,2,ED LR,14,3.44944444444444,S50 S40,179,1,11,6
843,15NOV2022,843,4,09:34,205,40,43,40,43,-10,,,,,,,106,,7,2
844,15NOV2022,844,12,09:36,509,34,24,34,24,57,,,,,,,137,2,9,2
845,15NOV2022,845,13,09:39,405,,,47,48,,,1,HL,,,W40,,,,
846,15NOV2022,846,14,09:41,403,48,47,48,47,-8,,,,,,,2,,1,1
847,15NOV2022,847,2,09:42,303,48,18,48,18,392,330,1,CD,141,6.35,M90,192,95,93,83
848,15NOV2022,848,7,09:43,415,40,47,40,47,8,,,,,,,238,1,5,1
849,15NOV2022,849,11,09:43,519,24,34,24,34,195,,,,,,,128,,6,1
850,15NOV2022,850,6,09:53,111,31,43,34,43,-39,,1,CL,30,,M60,113,1,,
851,15NOV2022,851,,,,,,,,,,,,,,,,,,
852,15NOV2022,852,1,09:45,317,18,48,18,48,234,,,,,,,322,,5,1
853,15NOV2022,853,3,09:45,219,43,40,43,40,367,,,,,,,107,,6,2
854,15NOV2022,854,8,09:48,403,47,40,47,40,107,,,,,,,184,3,46,3
855,15NOV2022,855,5,09:49,123,43,34,43,34,258,326,1,AD,0.0422222222222222,,S20,160,86,85,70
856,15NOV2022,856,4,09:49,207,40,43,40,43,-34,,,,,,,86,,2,
857,15NOV2022,857,12,09:51,511,34,24,34,24,219,321,1,LD,14,1.24833333333333,M90,172,,17,10
858,15NOV2022,858,13,09:54,407,47,48,47,48,215,,,,,,,11,,6,6
859,15NOV2022,859,14,09:56,405,,,48,47,,,1,HL,,,Y10,,,,
860,15NOV2022,860,2,09:57,305,48,17,48,18,,506,2,DH OL,74,57.2941666666667,K30 C80,172,43,52,43
861,15NOV2022,861,,,,,,,,,,,,,,,,,,
862,15NOV2022,862,7,09:58,417,40,47,40,47,31,,,,,,,215,,11,5
863,15NOV2022,863,11,09:58,501,24,34,24,34,352,314,1,LR,7,0.610555555555556,M90,130,,16,7
